<?xml version='1.0' encoding='UTF-8'?>
<addon id="game.libretro.squirreljme_libretro_buildbot" name="Java ME (SquirrelJME)" version="1.2021.18684" provider-name="http://buildbot.libretro.com/">
  <requires>
    <import addon="game.libretro" version="1.0.0"/>
  </requires>
  <extension point="kodi.gameclient" library_windows="squirreljme_libretro.dll">
    <platforms>Java ME</platforms>
    <extensions>jar</extensions>
    <supports_vfs>true</supports_vfs>
    <supports_standalone>true</supports_standalone>
  </extension>
  <extension point="xbmc.addon.metadata">
    <summary lang="en_GB">Java ME (SquirrelJME)</summary>
    <description lang="en_GB">Emulator for Java ME by Stephanie Gawroriski (Xer Shadow Tail)[CR]Supported files: jar[CR][CR]BIOS files are required for this core to function correctly</description>
    <license>GPLv3</license>
    <platform>windows-x86_64</platform>
    <source>http://buildbot.libretro.com/nightly/windows/x86_64/latest/squirreljme_libretro.dll.zip</source>
    <news>Built from libretro buildbot commit eeff5fa3 (2021-02-26)</news>
  </extension>
</addon>
