<?xml version='1.0' encoding='UTF-8'?>
<addon id="game.libretro.dhewm3_xp_libretro_buildbot" name="Doom 3: Resurrection of Evil (dhewm3_xp)" provider-name="http://buildbot.libretro.com/" version="1.2020.18270">
  <requires>
    <import addon="game.libretro" version="1.0.0"/>
  </requires>
  <extension library_windows="dhewm3_xp_libretro.dll" point="kodi.gameclient">
    <platforms>Doom 3 XP Game Engine</platforms>
    <extensions>pk4</extensions>
    <supports_vfs>false</supports_vfs>
    <supports_standalone>false</supports_standalone>
  </extension>
  <extension point="xbmc.addon.metadata">
    <summary lang="en_GB">Doom 3: Resurrection of Evil (dhewm3_xp)</summary>
    <description lang="en_GB">Game for Doom 3 XP Game Engine by Rinnegatamante[CR]Supported files: pk4</description>
    <license>GPLv2</license>
    <platform>windows-x86_64</platform>
    <source>http://buildbot.libretro.com/nightly/windows/x86_64/latest/dhewm3_xp_libretro.dll.zip</source>
    <news>Built from libretro buildbot commit 0a3a1e12 (2020-01-09)</news>
  </extension>
</addon>
