<?xml version='1.0' encoding='UTF-8'?>
<addon id="game.libretro.px68k_libretro_buildbot" name="Sharp - X68000 (PX68k)" provider-name="http://buildbot.libretro.com/" version="1.2021.18674">
  <requires>
    <import addon="game.libretro" version="1.0.0"/>
  </requires>
  <extension library_android="px68k_libretro_android.so" point="kodi.gameclient">
    <platforms>Sharp X68000</platforms>
    <extensions>dim|zip|img|d88|88d|hdm|dup|2hd|xdf|hdf|cmd|m3u</extensions>
    <supports_vfs>true</supports_vfs>
    <supports_standalone>false</supports_standalone>
  </extension>
  <extension point="xbmc.addon.metadata">
    <summary lang="en_GB">Sharp - X68000 (PX68k)</summary>
    <description lang="en_GB">Emulator for Sharp X68000 by hissorii[CR]Supported files: dim|zip|img|d88|88d|hdm|dup|2hd|xdf|hdf|cmd|m3u[CR][CR]Game Addon Notes: [i] Place BIOS files in system/keropi folder.|[i] F12 or Retropad L2 for Emulator Menu.|[i] Define your disks path in system/keropi/config StartDir line.[CR][CR]BIOS files are required for this core to function correctly</description>
    <license/>
    <platform>android-aarch64</platform>
    <source>http://buildbot.libretro.com/nightly/android/latest/arm64-v8a/px68k_libretro_android.so.zip</source>
    <news>Built from libretro buildbot commit c2a2962f (2021-02-16)</news>
  </extension>
</addon>
