<?xml version='1.0' encoding='UTF-8'?>
<addon id="game.libretro.dosbox_pure_libretro_buildbot" name="DOS (DOSBox-Pure)" provider-name="http://buildbot.libretro.com/" version="1.2021.18681">
  <requires>
    <import addon="game.libretro" version="1.0.0"/>
  </requires>
  <extension library_osx="dosbox_pure_libretro.dylib" point="kodi.gameclient">
    <platforms>DOS</platforms>
    <extensions>zip|dosz|exe|com|bat|iso|cue|ins|img|ima|vhd|m3u|m3u8</extensions>
    <supports_vfs>false</supports_vfs>
    <supports_standalone>true</supports_standalone>
  </extension>
  <extension point="xbmc.addon.metadata">
    <summary lang="en_GB">DOS (DOSBox-Pure)</summary>
    <description lang="en_GB">Emulator for DOS by DOSBox Team|Psyraven[CR]Supported files: zip|dosz|exe|com|bat|iso|cue|ins|img|ima|vhd|m3u|m3u8</description>
    <license>GPLv2</license>
    <platform>osx-x86_64</platform>
    <source>http://buildbot.libretro.com/nightly/apple/osx/x86_64/latest/dosbox_pure_libretro.dylib.zip</source>
    <news>Built from libretro buildbot commit 2ba0278f (2021-02-23)</news>
  </extension>
</addon>
