<?xml version='1.0' encoding='UTF-8'?>
<addon id="game.libretro.vemulator_libretro_buildbot" name="VeMUlator" provider-name="http://buildbot.libretro.com/" version="1.2020.18547">
  <requires>
    <import addon="game.libretro" version="1.0.0"/>
  </requires>
  <extension library_linux="vemulator_libretro.so" point="kodi.gameclient">
    <platforms>SEGA Visual Memory Unit</platforms>
    <extensions>vms|dci|bin</extensions>
    <supports_vfs>false</supports_vfs>
    <supports_standalone>false</supports_standalone>
  </extension>
  <extension point="xbmc.addon.metadata">
    <summary lang="en_GB">VeMUlator</summary>
    <description lang="en_GB">Game for SEGA Visual Memory Unit by Mahmoud Jaoune[CR]Supported files: vms|dci|bin</description>
    <license>GPL v3</license>
    <platform>all</platform>
    <source>http://buildbot.libretro.com/nightly/linux/armhf/latest/vemulator_libretro.so.zip</source>
    <news>Built from libretro buildbot commit f1f1702e (2020-10-12)</news>
  </extension>
</addon>
