<?xml version='1.0' encoding='UTF-8'?>
<addon id="game.libretro.vecx_libretro_buildbot" name="GCE - Vectrex (vecx)" provider-name="http://buildbot.libretro.com/" version="1.2020.18271">
  <requires>
    <import addon="game.libretro" version="1.0.0"/>
    <import addon="game.controller.vectrex"/>
  </requires>
  <extension library_windows="vecx_libretro.dll" point="kodi.gameclient">
    <platforms>Vectrex</platforms>
    <extensions>bin|vec</extensions>
    <supports_vfs>true</supports_vfs>
    <supports_standalone>false</supports_standalone>
  </extension>
  <extension point="xbmc.addon.metadata">
    <summary lang="en_GB">GCE - Vectrex (vecx)</summary>
    <description lang="en_GB">Emulator for Vectrex by Valavan Manohararajah|John Hawthorn|Nikita Zimin|Demeth[CR]Supported files: bin|vec</description>
    <license>GPLv3</license>
    <platform>windows-x86_64</platform>
    <source>http://buildbot.libretro.com/nightly/windows/x86_64/latest/vecx_libretro.dll.zip</source>
    <news>Built from libretro buildbot commit 6d7e5e69 (2020-01-10)</news>
  </extension>
</addon>
