<?xml version='1.0' encoding='UTF-8'?>
<addon id="game.libretro.openlara_libretro_buildbot" name="Tomb Raider (OpenLara)" provider-name="http://buildbot.libretro.com/" version="1.2020.18537">
  <requires>
    <import addon="game.libretro" version="1.0.0"/>
  </requires>
  <extension library_osx="openlara_libretro.dylib" point="kodi.gameclient">
    <platforms>Classic Tomb Raider engine</platforms>
    <extensions>phd|psx|tr2</extensions>
    <supports_vfs>true</supports_vfs>
    <supports_standalone>false</supports_standalone>
  </extension>
  <extension point="xbmc.addon.metadata">
    <summary lang="en_GB">Tomb Raider (OpenLara)</summary>
    <description lang="en_GB">Game for Classic Tomb Raider engine by XProger[CR]Supported files: phd|psx|tr2</description>
    <license>2-clause BSD</license>
    <platform>osx-x86_64</platform>
    <source>http://buildbot.libretro.com/nightly/apple/osx/x86_64/latest/openlara_libretro.dylib.zip</source>
    <news>Built from libretro buildbot commit 6a50aede (2020-10-02)</news>
  </extension>
</addon>
