<?xml version='1.0' encoding='UTF-8'?>
<addon id="game.libretro.genesis_plus_gx_libretro_buildbot" name="Sega - MS/GG/MD/CD (Genesis Plus GX)" version="1.2021.18682" provider-name="http://buildbot.libretro.com/">
  <requires>
    <import addon="game.libretro" version="1.0.0"/>
    <import addon="game.controller.genesis.6button"/>
    <import addon="game.controller.genesis.mouse"/>
  </requires>
  <extension point="kodi.gameclient" library_windows="genesis_plus_gx_libretro.dll">
    <platforms>Sega 8/16-bit (Various)</platforms>
    <extensions>mdx|md|smd|gen|bin|cue|iso|sms|bms|gg|sg|68k|chd</extensions>
    <supports_vfs>false</supports_vfs>
    <supports_standalone>false</supports_standalone>
  </extension>
  <extension point="xbmc.addon.metadata">
    <summary lang="en_GB">Sega - MS/GG/MD/CD (Genesis Plus GX)</summary>
    <description lang="en_GB">Emulator for Sega 8/16-bit (Various) by Charles McDonald|Eke-Eke[CR]Supported files: mdx|md|smd|gen|bin|cue|iso|sms|bms|gg|sg|68k|chd[CR][CR]Game Addon Notes: (!) sk2chip.bin (md5): b4e76e416b887f4e7413ba76fa735f16|(!) sk.bin (md5): 4ea493ea4e9f6c9ebfccbdb15110367e</description>
    <license>Non-commercial</license>
    <platform>windows-x86_64</platform>
    <source>http://buildbot.libretro.com/nightly/windows/x86_64/latest/genesis_plus_gx_libretro.dll.zip</source>
    <news>Built from libretro buildbot commit 8d8ec4e8 (2021-02-24)</news>
  </extension>
</addon>
