<?xml version='1.0' encoding='UTF-8'?>
<addon id="game.libretro.gearsystem_libretro_buildbot" name="Sega - MS/GG/SG-1000 (Gearsystem)" provider-name="http://buildbot.libretro.com/" version="1.2020.18363">
  <requires>
    <import addon="game.libretro" version="1.0.0"/>
  </requires>
  <extension library_linux="gearsystem_libretro.so" point="kodi.gameclient">
    <platforms>Sega 8-bit (MS/GG/SG-1000)</platforms>
    <extensions>sms|gg|sg|bin|rom</extensions>
    <supports_vfs>true</supports_vfs>
    <supports_standalone>false</supports_standalone>
  </extension>
  <extension point="xbmc.addon.metadata">
    <summary lang="en_GB">Sega - MS/GG/SG-1000 (Gearsystem)</summary>
    <description lang="en_GB">Emulator for Sega 8-bit (MS/GG/SG-1000) by Ignacio Sanchez[CR]Supported files: sms|gg|sg|bin|rom</description>
    <license>GPLv3</license>
    <platform>linux</platform>
    <source>http://buildbot.libretro.com/nightly/linux/x86_64/latest/gearsystem_libretro.so.zip</source>
    <news>Built from libretro buildbot commit fef9e784 (2020-04-11)</news>
  </extension>
</addon>
