<?xml version='1.0' encoding='UTF-8'?>
<addon id="game.libretro.thepowdertoy_libretro_buildbot" name="The Powder Toy" provider-name="http://buildbot.libretro.com/" version="1.2020.18507">
  <requires>
    <import addon="game.libretro" version="1.0.0"/>
  </requires>
  <extension library_linux="thepowdertoy_libretro.so" point="kodi.gameclient">
    <platforms>Physics Toy</platforms>
    <extensions>cps</extensions>
    <supports_vfs>true</supports_vfs>
    <supports_standalone>true</supports_standalone>
  </extension>
  <extension point="xbmc.addon.metadata">
    <summary lang="en_GB">The Powder Toy</summary>
    <description lang="en_GB">Game for Physics Toy by jselby|Original TPT Contributors[CR]Supported files: cps</description>
    <license>GPLv3</license>
    <platform>all</platform>
    <source>http://buildbot.libretro.com/nightly/linux/armhf/latest/thepowdertoy_libretro.so.zip</source>
    <news>Built from libretro buildbot commit 77dd36a0 (2020-09-02)</news>
  </extension>
</addon>
