<?xml version='1.0' encoding='UTF-8'?>
<addon id="game.libretro.mednafen_pce_libretro_buildbot" name="NEC - PC Engine / SuperGrafx / CD (Beetle PCE)" provider-name="http://buildbot.libretro.com/" version="1.2020.18284">
  <requires>
    <import addon="game.libretro" version="1.0.0"/>
    <import addon="game.controller.pce"/>
  </requires>
  <extension library_osx="mednafen_pce_libretro.dylib" point="kodi.gameclient">
    <platforms>PC Engine/SuperGrafx/CD</platforms>
    <extensions>pce|cue|ccd|iso|img|bin|chd</extensions>
    <supports_vfs>false</supports_vfs>
    <supports_standalone>false</supports_standalone>
  </extension>
  <extension point="xbmc.addon.metadata">
    <summary lang="en_GB">NEC - PC Engine / SuperGrafx / CD (Beetle PCE)</summary>
    <description lang="en_GB">Emulator for PC Engine/SuperGrafx/CD by Mednafen Team[CR]Supported files: pce|cue|ccd|iso|img|bin|chd[CR][CR]Game Addon Notes: (!) syscard3.pce (md5): 38179df8f4ac870017db21ebcbf53114|[i] For cue files track type use:|[i] OGG for ogg files|[i] WAVE for wav files|[i] BINARY for iso files</description>
    <license>GPLv2</license>
    <platform>osx-x86_64</platform>
    <source>http://buildbot.libretro.com/nightly/apple/osx/x86_64/latest/mednafen_pce_libretro.dylib.zip</source>
    <news>Built from libretro buildbot commit 54b5104e (2020-01-23)</news>
  </extension>
</addon>
