<?xml version='1.0' encoding='UTF-8'?>
<addon id="game.libretro.mesen-s_libretro_buildbot" name="Nintendo - SNES / SFC (Mesen-S)" provider-name="http://buildbot.libretro.com/" version="1.2020.18305">
  <requires>
    <import addon="game.libretro" version="1.0.0"/>
  </requires>
  <extension library_osx="mesen-s_libretro.dylib" point="kodi.gameclient">
    <platforms>Super Nintendo Entertainment System</platforms>
    <extensions>sfc|smc|fig|swc</extensions>
    <supports_vfs>true</supports_vfs>
    <supports_standalone>false</supports_standalone>
  </extension>
  <extension point="xbmc.addon.metadata">
    <summary lang="en_GB">Nintendo - SNES / SFC (Mesen-S)</summary>
    <description lang="en_GB">Emulator for Super Nintendo Entertainment System by M. Bibaud (aka Sour)[CR]Supported files: sfc|smc|fig|swc</description>
    <license>GPLv3</license>
    <platform>osx-x86_64</platform>
    <source>http://buildbot.libretro.com/nightly/apple/osx/x86_64/latest/mesen-s_libretro.dylib.zip</source>
    <news>Built from libretro buildbot commit ba88ee32 (2020-02-13)</news>
  </extension>
</addon>
