<?xml version='1.0' encoding='UTF-8'?>
<addon id="game.libretro.vecx_libretro_buildbot" name="GCE - Vectrex (vecx)" version="1.2021.18681" provider-name="http://buildbot.libretro.com/">
  <requires>
    <import addon="game.libretro" version="1.0.0"/>
    <import addon="game.controller.vectrex"/>
  </requires>
  <extension point="kodi.gameclient" library_osx="vecx_libretro.dylib">
    <platforms>Vectrex</platforms>
    <extensions>bin|vec</extensions>
    <supports_vfs>true</supports_vfs>
    <supports_standalone>false</supports_standalone>
  </extension>
  <extension point="xbmc.addon.metadata">
    <summary lang="en_GB">GCE - Vectrex (vecx)</summary>
    <description lang="en_GB">Emulator for Vectrex by Valavan Manohararajah|John Hawthorn|Nikita Zimin|Demeth[CR]Supported files: bin|vec</description>
    <license>GPLv3</license>
    <platform>osx-x86_64</platform>
    <source>http://buildbot.libretro.com/nightly/apple/osx/x86_64/latest/vecx_libretro.dylib.zip</source>
    <news>Built from libretro buildbot commit 6d3fa8e2 (2021-02-23)</news>
  </extension>
</addon>
