<?xml version='1.0' encoding='UTF-8'?>
<addon id="game.libretro.mupen64plus_next_libretro_buildbot" name="Nintendo - Nintendo 64 (Mupen64Plus-Next)" version="1.2021.18683" provider-name="http://buildbot.libretro.com/">
  <requires>
    <import addon="game.libretro" version="1.0.0"/>
  </requires>
  <extension point="kodi.gameclient" library_linux="mupen64plus_next_libretro.so">
    <platforms>Nintendo 64</platforms>
    <extensions>n64|v64|z64|bin|u1</extensions>
    <supports_vfs>true</supports_vfs>
    <supports_standalone>false</supports_standalone>
  </extension>
  <extension point="xbmc.addon.metadata">
    <summary lang="en_GB">Nintendo - Nintendo 64 (Mupen64Plus-Next)</summary>
    <description lang="en_GB">Emulator for Nintendo 64 by m4xw|Hacktarux|gonetz|GLideN64 Contributors|Mupen64Plus Team[CR]Supported files: n64|v64|z64|bin|u1</description>
    <license>GPLv2</license>
    <platform>all</platform>
    <source>http://buildbot.libretro.com/nightly/linux/x86_64/latest/mupen64plus_next_libretro.so.zip</source>
    <news>Built from libretro buildbot commit 92d29721 (2021-02-25)</news>
  </extension>
</addon>
