<?xml version='1.0' encoding='UTF-8'?>
<addon id="game.libretro.tic80_libretro_buildbot" name="TIC-80" provider-name="http://buildbot.libretro.com/" version="1.2020.18321">
  <requires>
    <import addon="game.libretro" version="1.0.0"/>
  </requires>
  <extension library_android="tic80_libretro_android.so" point="kodi.gameclient">
    <platforms>TIC-80</platforms>
    <extensions>tic</extensions>
    <supports_vfs>true</supports_vfs>
    <supports_standalone>false</supports_standalone>
  </extension>
  <extension point="xbmc.addon.metadata">
    <summary lang="en_GB">TIC-80</summary>
    <description lang="en_GB">Game engine for TIC-80 by Nesbox, Rob Loach[CR]Supported files: tic</description>
    <license>MIT</license>
    <platform>android-armv7</platform>
    <source>http://buildbot.libretro.com/nightly/android/latest/armeabi-v7a/tic80_libretro_android.so.zip</source>
    <news>Built from libretro buildbot commit d2638d66 (2020-02-29)</news>
  </extension>
</addon>
