<?xml version='1.0' encoding='UTF-8'?>
<addon id="game.libretro.stella_libretro_buildbot" name="Atari - 2600 (Stella)" provider-name="http://buildbot.libretro.com/" version="1.2020.18327">
  <requires>
    <import addon="game.libretro" version="1.0.0"/>
    <import addon="game.controller.atari.2600"/>
  </requires>
  <extension library_linux="stella_libretro.so" point="kodi.gameclient">
    <platforms>Atari 2600</platforms>
    <extensions>a26|bin</extensions>
    <supports_vfs>true</supports_vfs>
    <supports_standalone>false</supports_standalone>
  </extension>
  <extension point="xbmc.addon.metadata">
    <summary lang="en_GB">Atari - 2600 (Stella)</summary>
    <description lang="en_GB">Emulator for Atari 2600 by Stephen Anthony|Bradford Mott|Eckhard Stolberg|Brian Watson[CR]Supported files: a26|bin</description>
    <license>GPLv2</license>
    <platform>linux</platform>
    <source>http://buildbot.libretro.com/nightly/linux/x86_64/latest/stella_libretro.so.zip</source>
    <news>Built from libretro buildbot commit b034b188 (2020-03-06)</news>
  </extension>
</addon>
