<?xml version='1.0' encoding='UTF-8'?>
<addon id="game.libretro.higan_sfc_libretro_buildbot" name="Nintendo - SNES / Famicom (higan Accuracy)" provider-name="http://buildbot.libretro.com/" version="1.2019.18232">
  <requires>
    <import addon="game.libretro" version="1.0.0"/>
  </requires>
  <extension library_osx="higan_sfc_libretro.dylib" point="kodi.gameclient">
    <platforms>Super Nintendo Entertainment System</platforms>
    <extensions>sfc|smc|gb|gbc|bml|rom</extensions>
    <supports_vfs>true</supports_vfs>
    <supports_standalone>false</supports_standalone>
  </extension>
  <extension point="xbmc.addon.metadata">
    <summary lang="en_GB">Nintendo - SNES / Famicom (higan Accuracy)</summary>
    <description lang="en_GB">Emulator for Super Nintendo Entertainment System by byuu[CR]Supported files: sfc|smc|gb|gbc|bml|rom[CR][CR]Game Addon Notes: [1] higan Accuracy uses split ROMS for special chip games.|[*] Notable DSP1/DSP1B Games: Super Mario Kart,  Pilotwings|[*] Notable DSP2 Games: Dungeon Master|[*] Notable DSP3 Games: SD Gundam GX|[*] Notable DSP4 Games: Top Gear 3000|[*] Notable Cx4 Games: Mega Man X2,  Mega Man X3|[2] SGB Emulation needs SGB.sfc/, SGB1.sfc/ or SGB2.sfc/ foltainers in system directory.|SGB1.sfc/ or SGB2.sfc/ can be selected as core options.|GB/GBC ROMs can be loaded directly as ROMs in this core.</description>
    <license>GPLv3</license>
    <platform>osx-x86_64</platform>
    <source>http://buildbot.libretro.com/nightly/apple/osx/x86_64/latest/higan_sfc_libretro.dylib.zip</source>
    <news>Built from libretro buildbot commit affe00f5 (2019-12-02)</news>
  </extension>
</addon>
