<?xml version='1.0' encoding='UTF-8'?>
<addon id="game.libretro.higan_sfc_balanced_libretro_buildbot" name="Nintendo - SNES / Famicom (nSide Balanced)" provider-name="http://buildbot.libretro.com/" version="1.2019.18216">
  <requires>
    <import addon="game.libretro" version="1.0.0"/>
  </requires>
  <extension library_linux="higan_sfc_balanced_libretro.so" point="kodi.gameclient">
    <platforms>Super Nintendo Entertainment System</platforms>
    <extensions>sfc|smc|gb|gbc|bml|rom</extensions>
    <supports_vfs>true</supports_vfs>
    <supports_standalone>false</supports_standalone>
  </extension>
  <extension point="xbmc.addon.metadata">
    <summary lang="en_GB">Nintendo - SNES / Famicom (nSide Balanced)</summary>
    <description lang="en_GB">Emulator for Super Nintendo Entertainment System by hex-usr[CR]Supported files: sfc|smc|gb|gbc|bml|rom[CR][CR]Game Addon Notes: [1] nSide Balanced uses split ROMS for special chip games.|[*] Notable DSP1/DSP1B Games: Super Mario Kart,  Pilotwings|[*] Notable DSP2 Games: Dungeon Master|[*] Notable DSP3 Games: SD Gundam GX|[*] Notable DSP4 Games: Top Gear 3000|[*] Notable Cx4 Games: Mega Man X2,  Mega Man X3|[2] SGB Emulation needs SGB.sfc/, SGB1.sfc/ or SGB2.sfc/ foltainers in system directory.|SGB1.sfc/ or SGB2.sfc/ can be selected as core options.|GB/GBC ROMs can be loaded directly as ROMs in this core.</description>
    <license>GPLv3</license>
    <platform>all</platform>
    <source>http://buildbot.libretro.com/nightly/linux/armhf/latest/higan_sfc_balanced_libretro.so.zip</source>
    <news>Built from libretro buildbot commit 5a0fe74b (2019-11-16)</news>
  </extension>
</addon>
