<?xml version='1.0' encoding='UTF-8'?>
<addon id="game.libretro.vice_xcbm2_libretro_buildbot" name="Commodore - CBM-II 6x0/7x0 (VICE xcbm2)" provider-name="http://buildbot.libretro.com/" version="1.2021.18681">
  <requires>
    <import addon="game.libretro" version="1.0.0"/>
  </requires>
  <extension library_windows="vice_xcbm2_libretro.dll" point="kodi.gameclient">
    <platforms>CBM-II</platforms>
    <extensions>d64|d71|d80|d81|d82|g64|g41|x64|t64|tap|prg|p00|crt|bin|zip|gz|d6z|d7z|d8z|g6z|g4z|x6z|cmd|m3u|vfl|vsf|nib|nbz</extensions>
    <supports_vfs>true</supports_vfs>
    <supports_standalone>true</supports_standalone>
  </extension>
  <extension point="xbmc.addon.metadata">
    <summary lang="en_GB">Commodore - CBM-II 6x0/7x0 (VICE xcbm2)</summary>
    <description lang="en_GB">Emulator for CBM-II by VICE Team[CR]Supported files: d64|d71|d80|d81|d82|g64|g41|x64|t64|tap|prg|p00|crt|bin|zip|gz|d6z|d7z|d8z|g6z|g4z|x6z|cmd|m3u|vfl|vsf|nib|nbz</description>
    <license>GPLv2</license>
    <platform>windows-x86_64</platform>
    <source>http://buildbot.libretro.com/nightly/windows/x86_64/latest/vice_xcbm2_libretro.dll.zip</source>
    <news>Built from libretro buildbot commit d5f98673 (2021-02-23)</news>
  </extension>
</addon>
