<?xml version='1.0' encoding='UTF-8'?>
<addon id="game.libretro.mednafen_snes_libretro_buildbot" name="Nintendo - SNES / SFC (Beetle bsnes)" provider-name="http://buildbot.libretro.com/" version="1.2020.18263">
  <requires>
    <import addon="game.libretro" version="1.0.0"/>
    <import addon="game.controller.snes"/>
  </requires>
  <extension library_android="mednafen_snes_libretro_android.so" point="kodi.gameclient">
    <platforms>Super Nintendo Entertainment System</platforms>
    <extensions>smc|fig|bs|st|sfc</extensions>
    <supports_vfs>false</supports_vfs>
    <supports_standalone>false</supports_standalone>
  </extension>
  <extension point="xbmc.addon.metadata">
    <summary lang="en_GB">Nintendo - SNES / SFC (Beetle bsnes)</summary>
    <description lang="en_GB">Emulator for Super Nintendo Entertainment System by byuu|Mednafen Team[CR]Supported files: smc|fig|bs|st|sfc</description>
    <license>GPLv2</license>
    <platform>android-armv7</platform>
    <source>http://buildbot.libretro.com/nightly/android/latest/armeabi-v7a/mednafen_snes_libretro_android.so.zip</source>
    <news>Built from libretro buildbot commit 0a797688 (2020-01-02)</news>
  </extension>
</addon>
