<?xml version='1.0' encoding='UTF-8'?>
<addon id="game.libretro.mednafen_psx_hw_libretro_buildbot" name="Sony - PlayStation (Beetle PSX HW)" version="1.2021.18684" provider-name="http://buildbot.libretro.com/">
  <requires>
    <import addon="game.libretro" version="1.0.0"/>
  </requires>
  <extension point="kodi.gameclient" library_android="mednafen_psx_hw_libretro_android.so">
    <platforms>PlayStation</platforms>
    <extensions>cue|toc|m3u|ccd|exe|pbp|chd</extensions>
    <supports_vfs>false</supports_vfs>
    <supports_standalone>false</supports_standalone>
  </extension>
  <extension point="xbmc.addon.metadata">
    <summary lang="en_GB">Sony - PlayStation (Beetle PSX HW)</summary>
    <description lang="en_GB">Emulator for PlayStation by Mednafen Team[CR]Supported files: cue|toc|m3u|ccd|exe|pbp|chd[CR][CR]Game Addon Notes: (!) scph5500.bin (md5): 8dd7d5296a650fac7319bce665a6a53c|(!) scph5501.bin (md5): 490f666e1afb15b7362b406ed1cea246|(!) scph5502.bin (md5): 32736f17079d0b2b7024407c39bd3050</description>
    <license>GPLv2</license>
    <platform>android-aarch64</platform>
    <source>http://buildbot.libretro.com/nightly/android/latest/arm64-v8a/mednafen_psx_hw_libretro_android.so.zip</source>
    <news>Built from libretro buildbot commit fd739f85 (2021-02-26)</news>
  </extension>
</addon>
