<?xml version='1.0' encoding='UTF-8'?>
<addon id="game.libretro.cap32_libretro_buildbot" name="Amstrad - CPC (Caprice32)" provider-name="http://buildbot.libretro.com/" version="1.2020.18263">
  <requires>
    <import addon="game.libretro" version="1.0.0"/>
    <import addon="game.controller.mouse"/>
    <import addon="game.controller.amstrad.joystick"/>
    <import addon="game.controller.amstrad.keyboard"/>
  </requires>
  <extension library_android="cap32_libretro_android.so" point="kodi.gameclient">
    <platforms>CPC</platforms>
    <extensions>dsk|sna|zip|tap|cdt|voc|m3u</extensions>
    <supports_vfs>false</supports_vfs>
    <supports_standalone>true</supports_standalone>
  </extension>
  <extension point="xbmc.addon.metadata">
    <summary lang="en_GB">Amstrad - CPC (Caprice32)</summary>
    <description lang="en_GB">Emulator for CPC by Ulrich Doewich|dantoine[CR]Supported files: dsk|sna|zip|tap|cdt|voc|m3u</description>
    <license>GPLv2</license>
    <platform>android-armv7</platform>
    <source>http://buildbot.libretro.com/nightly/android/latest/armeabi-v7a/cap32_libretro_android.so.zip</source>
    <news>Built from libretro buildbot commit bd6612b6 (2020-01-02)</news>
  </extension>
</addon>
