<?xml version='1.0' encoding='UTF-8'?>
<addon id="game.libretro.tgbdual_libretro_buildbot" name="Nintendo - Game Boy / Color (TGB Dual)" provider-name="http://buildbot.libretro.com/" version="1.2020.18270">
  <requires>
    <import addon="game.libretro" version="1.0.0"/>
    <import addon="game.controller.gameboy"/>
  </requires>
  <extension library_osx="tgbdual_libretro.dylib" point="kodi.gameclient">
    <platforms>Game Boy/Game Boy Color</platforms>
    <extensions>gb|gbc|sgb</extensions>
    <supports_vfs>true</supports_vfs>
    <supports_standalone>false</supports_standalone>
  </extension>
  <extension point="xbmc.addon.metadata">
    <summary lang="en_GB">Nintendo - Game Boy / Color (TGB Dual)</summary>
    <description lang="en_GB">Emulator for Game Boy/Game Boy Color by GIGO|Hii[CR]Supported files: gb|gbc|sgb</description>
    <license>GPLv2</license>
    <platform>osx-x86_64</platform>
    <source>http://buildbot.libretro.com/nightly/apple/osx/x86_64/latest/tgbdual_libretro.dylib.zip</source>
    <news>Built from libretro buildbot commit 9594216e (2020-01-09)</news>
  </extension>
</addon>
