<?xml version='1.0' encoding='UTF-8'?>
<addon id="game.libretro.gpsp_libretro_buildbot" name="Nintendo - Game Boy Advance (gpSP)" provider-name="http://buildbot.libretro.com/" version="1.2020.18332">
  <requires>
    <import addon="game.libretro" version="1.0.0"/>
  </requires>
  <extension library_linux="gpsp_libretro.so" point="kodi.gameclient">
    <platforms>Game Boy Advance</platforms>
    <extensions>gba|bin</extensions>
    <supports_vfs>false</supports_vfs>
    <supports_standalone>false</supports_standalone>
  </extension>
  <extension point="xbmc.addon.metadata">
    <summary lang="en_GB">Nintendo - Game Boy Advance (gpSP)</summary>
    <description lang="en_GB">Emulator for Game Boy Advance by Exophase[CR]Supported files: gba|bin[CR][CR]Game Addon Notes: (!) gba_bios.bin (md5): a860e8c0b6d573d191e4ec7db1b1e4f6[CR][CR]BIOS files are required for this core to function correctly</description>
    <license>GPLv2</license>
    <platform>all</platform>
    <source>http://buildbot.libretro.com/nightly/linux/x86_64/latest/gpsp_libretro.so.zip</source>
    <news>Built from libretro buildbot commit 8651db5b (2020-03-11)</news>
  </extension>
</addon>
