<?xml version='1.0' encoding='UTF-8'?>
<addon id="game.libretro.atari800_libretro_buildbot" name="Atari - 5200 (Atari800)" provider-name="http://buildbot.libretro.com/" version="1.2020.18343">
  <requires>
    <import addon="game.libretro" version="1.0.0"/>
    <import addon="game.controller.atari.2600"/>
  </requires>
  <extension library_linux="atari800_libretro.so" point="kodi.gameclient">
    <platforms>Atari 5200</platforms>
    <extensions>xfd|atr|atx|cdm|cas|bin|a52|xex|zip</extensions>
    <supports_vfs>false</supports_vfs>
    <supports_standalone>false</supports_standalone>
  </extension>
  <extension point="xbmc.addon.metadata">
    <summary lang="en_GB">Atari - 5200 (Atari800)</summary>
    <description lang="en_GB">Emulator for Atari 5200 by Petr Stehlik[CR]Supported files: xfd|atr|atx|cdm|cas|bin|a52|xex|zip[CR][CR]Game Addon Notes: (!) 5200.rom (md5): 281f20ea4320404ec820fb7ec0693b38[CR][CR]BIOS files are required for this core to function correctly</description>
    <license>GPLv2</license>
    <platform>all</platform>
    <source>http://buildbot.libretro.com/nightly/linux/x86_64/latest/atari800_libretro.so.zip</source>
    <news>Built from libretro buildbot commit 2e57b4b9 (2020-03-22)</news>
  </extension>
</addon>
