<?xml version='1.0' encoding='UTF-8'?>
<addon id="game.libretro.easyrpg_libretro_buildbot" name="RPG Maker 2000/2003 (EasyRPG)" provider-name="http://buildbot.libretro.com/" version="1.2018.17804">
  <requires>
    <import addon="game.libretro" version="1.0.0"/>
  </requires>
  <extension library_android="easyrpg_libretro_android.so" point="kodi.gameclient">
    <platforms>RPG Maker 2000/2003 Game Engine</platforms>
    <extensions>ldb</extensions>
    <supports_vfs>false</supports_vfs>
    <supports_standalone>false</supports_standalone>
  </extension>
  <extension point="xbmc.addon.metadata">
    <summary lang="en_GB">RPG Maker 2000/2003 (EasyRPG)</summary>
    <description lang="en_GB">Game for RPG Maker 2000/2003 Game Engine by EasyRPG team[CR]Supported files: ldb</description>
    <license>GPLv3</license>
    <platform>android-aarch64</platform>
    <source>http://buildbot.libretro.com/nightly/android/latest/arm64-v8a/easyrpg_libretro_android.so.zip</source>
    <news>Built from libretro buildbot commit 7dad28e1 (2018-09-30)</news>
  </extension>
</addon>
