<?xml version='1.0' encoding='UTF-8'?>
<addon id="game.libretro.vitaquake2_libretro_buildbot" name="Quake 2 (vitaQuake 2)" provider-name="http://buildbot.libretro.com/" version="1.2020.18272">
  <requires>
    <import addon="game.libretro" version="1.0.0"/>
  </requires>
  <extension library_linux="vitaquake2_libretro.so" point="kodi.gameclient">
    <platforms>Quake 2 Game Engine</platforms>
    <extensions>pak</extensions>
    <supports_vfs>false</supports_vfs>
    <supports_standalone>false</supports_standalone>
  </extension>
  <extension point="xbmc.addon.metadata">
    <summary lang="en_GB">Quake 2 (vitaQuake 2)</summary>
    <description lang="en_GB">Game for Quake 2 Game Engine by Rinnegatamante[CR]Supported files: pak</description>
    <license>GPLv2</license>
    <platform>all</platform>
    <source>http://buildbot.libretro.com/nightly/linux/x86_64/latest/vitaquake2_libretro.so.zip</source>
    <news>Built from libretro buildbot commit 2a09e58b (2020-01-11)</news>
  </extension>
</addon>
