<?xml version='1.0' encoding='UTF-8'?>
<addon id="game.libretro.oberon_libretro_buildbot" name="Oberon RISC Emulator" version="1.2021.18681" provider-name="http://buildbot.libretro.com/">
  <requires>
    <import addon="game.libretro" version="1.0.0"/>
  </requires>
  <extension point="kodi.gameclient" library_linux="oberon_libretro.so">
    <platforms>Oberon RISC machine</platforms>
    <extensions>dsk</extensions>
    <supports_vfs>false</supports_vfs>
    <supports_standalone>false</supports_standalone>
  </extension>
  <extension point="xbmc.addon.metadata">
    <summary lang="en_GB">Oberon RISC Emulator</summary>
    <description lang="en_GB">Emulator for Oberon RISC machine by Peter De Wachter|Emery Hemingway[CR]Supported files: dsk</description>
    <license/>
    <platform>linux</platform>
    <source>http://buildbot.libretro.com/nightly/linux/x86_64/latest/oberon_libretro.so.zip</source>
    <news>Built from libretro buildbot commit 3de36634 (2021-02-23)</news>
  </extension>
</addon>
