<?xml version='1.0' encoding='UTF-8'?>
<addon id="game.libretro.pokemini_libretro_buildbot" name="Nintendo - Pokemon Mini (PokeMini)" provider-name="http://buildbot.libretro.com/" version="1.2020.18304">
  <requires>
    <import addon="game.libretro" version="1.0.0"/>
    <import addon="game.controller.default"/>
  </requires>
  <extension library_linux="pokemini_libretro.so" point="kodi.gameclient">
    <platforms>Pokemon Mini</platforms>
    <extensions>min</extensions>
    <supports_vfs>true</supports_vfs>
    <supports_standalone>false</supports_standalone>
  </extension>
  <extension point="xbmc.addon.metadata">
    <summary lang="en_GB">Nintendo - Pokemon Mini (PokeMini)</summary>
    <description lang="en_GB">Emulator for Pokemon Mini by JustBurn[CR]Supported files: min[CR][CR]Game Addon Notes: Suggested md5sum:|1e4fb124a3a886865acb574f388c803d = bios.min</description>
    <license>GPLv3</license>
    <platform>all</platform>
    <source>http://buildbot.libretro.com/nightly/linux/armhf/latest/pokemini_libretro.so.zip</source>
    <news>Built from libretro buildbot commit 60fe5b0b (2020-02-12)</news>
  </extension>
</addon>
