<?xml version='1.0' encoding='UTF-8'?>
<addon id="game.libretro.vemulator_libretro_buildbot" name="VeMUlator" provider-name="http://buildbot.libretro.com/" version="1.2019.18233">
  <requires>
    <import addon="game.libretro" version="1.0.0"/>
  </requires>
  <extension library_windows="vemulator_libretro.dll" point="kodi.gameclient">
    <platforms>SEGA Visual Memory Unit</platforms>
    <extensions>vms|dci|bin</extensions>
    <supports_vfs>false</supports_vfs>
    <supports_standalone>false</supports_standalone>
  </extension>
  <extension point="xbmc.addon.metadata">
    <summary lang="en_GB">VeMUlator</summary>
    <description lang="en_GB">Game for SEGA Visual Memory Unit by Mahmoud Jaoune[CR]Supported files: vms|dci|bin</description>
    <license>GPL v3</license>
    <platform>windows-x86_64</platform>
    <source>http://buildbot.libretro.com/nightly/windows/x86_64/latest/vemulator_libretro.dll.zip</source>
    <news>Built from libretro buildbot commit 73a30452 (2019-12-03)</news>
  </extension>
</addon>
