<?xml version='1.0' encoding='UTF-8'?>
<addon id="game.libretro.nestopia_libretro_buildbot" name="Nintendo - NES / Famicom (Nestopia UE)" provider-name="http://buildbot.libretro.com/" version="1.2020.18285">
  <requires>
    <import addon="game.libretro" version="1.0.0"/>
    <import addon="game.controller.default"/>
    <import addon="game.controller.nes"/>
  </requires>
  <extension library_osx="nestopia_libretro.dylib" point="kodi.gameclient">
    <platforms>Nintendo Entertainment System</platforms>
    <extensions>nes|fds|unf|unif</extensions>
    <supports_vfs>true</supports_vfs>
    <supports_standalone>false</supports_standalone>
  </extension>
  <extension point="xbmc.addon.metadata">
    <summary lang="en_GB">Nintendo - NES / Famicom (Nestopia UE)</summary>
    <description lang="en_GB">Emulator for Nintendo Entertainment System by Martin Freij|R. Belmont|R. Danbrook[CR]Supported files: nes|fds|unf|unif[CR][CR]Game Addon Notes: Get NstDatabase.xml from https://github.com/0ldsk00l/nestopia|(!) disksys.rom (md5): ca30b50f880eb660a320674ed365ef7a|Press Retropad L1 to switch disk side.</description>
    <license>GPLv2</license>
    <platform>osx-x86_64</platform>
    <source>http://buildbot.libretro.com/nightly/apple/osx/x86_64/latest/nestopia_libretro.dylib.zip</source>
    <news>Built from libretro buildbot commit e42acc75 (2020-01-24)</news>
  </extension>
</addon>
