<?xml version='1.0' encoding='UTF-8'?>
<addon id="game.libretro.mu_libretro_buildbot" name="Palm OS (Mu)" provider-name="http://buildbot.libretro.com/" version="1.2019.18234">
  <requires>
    <import addon="game.libretro" version="1.0.0"/>
  </requires>
  <extension library_linux="mu_libretro.so" point="kodi.gameclient">
    <platforms>Palm OS</platforms>
    <extensions>prc|pqa|img</extensions>
    <supports_vfs>false</supports_vfs>
    <supports_standalone>true</supports_standalone>
  </extension>
  <extension point="xbmc.addon.metadata">
    <summary lang="en_GB">Palm OS (Mu)</summary>
    <description lang="en_GB">Emulator for Palm OS by guicrith / meepingsnesroms[CR]Supported files: prc|pqa|img</description>
    <license>Non-commercial</license>
    <platform>all</platform>
    <source>http://buildbot.libretro.com/nightly/linux/armhf/latest/mu_libretro.so.zip</source>
    <news>Built from libretro buildbot commit c28228b8 (2019-12-04)</news>
  </extension>
</addon>
