<?xml version='1.0' encoding='UTF-8'?>
<addon id="game.libretro.craft_libretro_buildbot" name="Minecraft (Craft)" version="1.2021.18681" provider-name="http://buildbot.libretro.com/">
  <requires>
    <import addon="game.libretro" version="1.0.0"/>
  </requires>
  <extension point="kodi.gameclient" library_android="craft_libretro_android.so">
    <platforms>Minecraft Game Clone</platforms>
    <extensions/>
    <supports_vfs>true</supports_vfs>
    <supports_standalone>true</supports_standalone>
  </extension>
  <extension point="xbmc.addon.metadata">
    <summary lang="en_GB">Minecraft (Craft)</summary>
    <description lang="en_GB">Game for Minecraft Game Clone by Michael Fogleman</description>
    <license>MIT</license>
    <platform>android-aarch64</platform>
    <source>http://buildbot.libretro.com/nightly/android/latest/arm64-v8a/craft_libretro_android.so.zip</source>
    <news>Built from libretro buildbot commit 5631faca (2021-02-23)</news>
  </extension>
</addon>
