<?xml version='1.0' encoding='UTF-8'?>
<addon id="game.libretro.gambatte_libretro_buildbot" name="Nintendo - Game Boy / Color (Gambatte)" version="1.2021.18684" provider-name="http://buildbot.libretro.com/">
  <requires>
    <import addon="game.libretro" version="1.0.0"/>
    <import addon="game.controller.gameboy"/>
  </requires>
  <extension point="kodi.gameclient" library_linux="gambatte_libretro.so">
    <platforms>Game Boy/Game Boy Color</platforms>
    <extensions>gb|gbc|dmg</extensions>
    <supports_vfs>true</supports_vfs>
    <supports_standalone>false</supports_standalone>
  </extension>
  <extension point="xbmc.addon.metadata">
    <summary lang="en_GB">Nintendo - Game Boy / Color (Gambatte)</summary>
    <description lang="en_GB">Emulator for Game Boy/Game Boy Color by Sinamas[CR]Supported files: gb|gbc|dmg[CR][CR]Game Addon Notes: (!) gb_bios.bin (md5): 32fbbd84168d3482956eb3c5051637f5|(!) gbc_bios.bin (md5): dbfce9db9deaa2567f6a84fde55f9680</description>
    <license>GPLv2</license>
    <platform>linux</platform>
    <source>http://buildbot.libretro.com/nightly/linux/x86_64/latest/gambatte_libretro.so.zip</source>
    <news>Built from libretro buildbot commit 514044ec (2021-02-26)</news>
  </extension>
</addon>
