<?xml version='1.0' encoding='UTF-8'?>
<addon id="game.libretro.chailove_libretro_buildbot" name="ChaiLove" provider-name="http://buildbot.libretro.com/" version="1.2020.18264">
  <requires>
    <import addon="game.libretro" version="1.0.0"/>
    <import addon="game.controller.mouse"/>
    <import addon="game.controller.default"/>
    <import addon="game.controller.keyboard"/>
  </requires>
  <extension library_linux="chailove_libretro.so" point="kodi.gameclient">
    <platforms>ChaiLove</platforms>
    <extensions>chai|chailove</extensions>
    <supports_vfs>false</supports_vfs>
    <supports_standalone>false</supports_standalone>
  </extension>
  <extension point="xbmc.addon.metadata">
    <summary lang="en_GB">ChaiLove</summary>
    <description lang="en_GB">Game engine for ChaiLove by Rob Loach[CR]Supported files: chai|chailove</description>
    <license>MIT</license>
    <platform>linux</platform>
    <source>http://buildbot.libretro.com/nightly/linux/x86_64/latest/chailove_libretro.so.zip</source>
    <news>Built from libretro buildbot commit 633a604c (2020-01-03)</news>
  </extension>
</addon>
