<?xml version='1.0' encoding='UTF-8'?>
<addon id="game.libretro.mednafen_supergrafx_libretro_buildbot" name="NEC - PC Engine SuperGrafx (Beetle SuperGrafx)" provider-name="http://buildbot.libretro.com/" version="1.2020.18310">
  <requires>
    <import addon="game.libretro" version="1.0.0"/>
    <import addon="game.controller.pce"/>
  </requires>
  <extension library_osx="mednafen_supergrafx_libretro.dylib" point="kodi.gameclient">
    <platforms>PC Engine SuperGrafx</platforms>
    <extensions>pce|sgx|cue|ccd|chd</extensions>
    <supports_vfs>false</supports_vfs>
    <supports_standalone>false</supports_standalone>
  </extension>
  <extension point="xbmc.addon.metadata">
    <summary lang="en_GB">NEC - PC Engine SuperGrafx (Beetle SuperGrafx)</summary>
    <description lang="en_GB">Emulator for PC Engine SuperGrafx by Mednafen Team[CR]Supported files: pce|sgx|cue|ccd|chd[CR][CR]Game Addon Notes: (!) syscard3.pce (md5): 38179df8f4ac870017db21ebcbf53114</description>
    <license>GPLv2</license>
    <platform>osx-x86_64</platform>
    <source>http://buildbot.libretro.com/nightly/apple/osx/x86_64/latest/mednafen_supergrafx_libretro.dylib.zip</source>
    <news>Built from libretro buildbot commit 54f2ded6 (2020-02-18)</news>
  </extension>
</addon>
