<?xml version='1.0' encoding='UTF-8'?>
<addon id="game.libretro.vitaquake2_libretro_buildbot" name="Quake II (vitaQuake 2)" provider-name="http://buildbot.libretro.com/" version="1.2021.18674">
  <requires>
    <import addon="game.libretro" version="1.0.0"/>
  </requires>
  <extension library_android="vitaquake2_libretro_android.so" point="kodi.gameclient">
    <platforms>Quake II Game Engine</platforms>
    <extensions>pak</extensions>
    <supports_vfs>true</supports_vfs>
    <supports_standalone>false</supports_standalone>
  </extension>
  <extension point="xbmc.addon.metadata">
    <summary lang="en_GB">Quake II (vitaQuake 2)</summary>
    <description lang="en_GB">Game for Quake II Game Engine by Rinnegatamante[CR]Supported files: pak</description>
    <license>GPLv2</license>
    <platform>android-armv7</platform>
    <source>http://buildbot.libretro.com/nightly/android/latest/armeabi-v7a/vitaquake2_libretro_android.so.zip</source>
    <news>Built from libretro buildbot commit 437aa35b (2021-02-16)</news>
  </extension>
</addon>
