<?xml version='1.0' encoding='UTF-8'?>
<addon id="game.libretro.lowresnx_libretro_buildbot" name="LowRes NX" version="1.2021.18681" provider-name="http://buildbot.libretro.com/">
  <requires>
    <import addon="game.libretro" version="1.0.0"/>
  </requires>
  <extension point="kodi.gameclient" library_android="lowresnx_libretro_android.so">
    <platforms>LowRes NX</platforms>
    <extensions>nx</extensions>
    <supports_vfs>true</supports_vfs>
    <supports_standalone>false</supports_standalone>
  </extension>
  <extension point="xbmc.addon.metadata">
    <summary lang="en_GB">LowRes NX</summary>
    <description lang="en_GB">Game engine for LowRes NX by timoinutilis[CR]Supported files: nx</description>
    <license>zlib</license>
    <platform>android-aarch64</platform>
    <source>http://buildbot.libretro.com/nightly/android/latest/arm64-v8a/lowresnx_libretro_android.so.zip</source>
    <news>Built from libretro buildbot commit ec8e62fb (2021-02-23)</news>
  </extension>
</addon>
