<?xml version='1.0' encoding='UTF-8'?>
<addon id="game.libretro.mednafen_wswan_libretro_buildbot" name="Bandai - WonderSwan/Color (Beetle Cygne)" provider-name="http://buildbot.libretro.com/" version="1.2021.18674">
  <requires>
    <import addon="game.libretro" version="1.0.0"/>
    <import addon="game.controller.ws"/>
  </requires>
  <extension library_linux="mednafen_wswan_libretro.so" point="kodi.gameclient">
    <platforms>WonderSwan/Color</platforms>
    <extensions>ws|wsc|pc2</extensions>
    <supports_vfs>true</supports_vfs>
    <supports_standalone>false</supports_standalone>
  </extension>
  <extension point="xbmc.addon.metadata">
    <summary lang="en_GB">Bandai - WonderSwan/Color (Beetle Cygne)</summary>
    <description lang="en_GB">Emulator for WonderSwan/Color by Dox|Mednafen Team[CR]Supported files: ws|wsc|pc2</description>
    <license>GPLv2</license>
    <platform>linux</platform>
    <source>http://buildbot.libretro.com/nightly/linux/x86_64/latest/mednafen_wswan_libretro.so.zip</source>
    <news>Built from libretro buildbot commit c496dde4 (2021-02-16)</news>
  </extension>
</addon>
