<?xml version='1.0' encoding='UTF-8'?>
<addon id="game.libretro.hatari_libretro_buildbot" name="Atari - ST/STE/TT/Falcon (Hatari)" version="1.2021.18684" provider-name="http://buildbot.libretro.com/">
  <requires>
    <import addon="game.libretro" version="1.0.0"/>
    <import addon="game.controller.mouse"/>
    <import addon="game.controller.keyboard"/>
    <import addon="game.controller.atari.2600"/>
  </requires>
  <extension point="kodi.gameclient" library_osx="hatari_libretro.dylib">
    <platforms>Atari ST/STE/TT/Falcon</platforms>
    <extensions>st|msa|zip|stx|dim|ipf|m3u</extensions>
    <supports_vfs>false</supports_vfs>
    <supports_standalone>false</supports_standalone>
  </extension>
  <extension point="xbmc.addon.metadata">
    <summary lang="en_GB">Atari - ST/STE/TT/Falcon (Hatari)</summary>
    <description lang="en_GB">Emulator for Atari ST/STE/TT/Falcon by Nicolas Pomarède[CR]Supported files: st|msa|zip|stx|dim|ipf|m3u[CR][CR]Game Addon Notes: (!) tos.img (md5): c1c57ce48e8ee4135885cee9e63a68a2[CR][CR]BIOS files are required for this core to function correctly</description>
    <license>GPLv2</license>
    <platform>osx-x86_64</platform>
    <source>http://buildbot.libretro.com/nightly/apple/osx/x86_64/latest/hatari_libretro.dylib.zip</source>
    <news>Built from libretro buildbot commit 1ea828bf (2021-02-26)</news>
  </extension>
</addon>
