<?xml version='1.0' encoding='UTF-8'?>
<addon id="game.libretro.4do_libretro_buildbot" name="The 3DO Company - 3DO (4DO)" provider-name="http://buildbot.libretro.com/" version="1.2020.18296">
  <requires>
    <import addon="game.libretro" version="1.0.0"/>
    <import addon="game.controller.3do"/>
  </requires>
  <extension library_windows="4do_libretro.dll" point="kodi.gameclient">
    <platforms>3DO</platforms>
    <extensions>iso|bin|chd|cue</extensions>
    <supports_vfs>false</supports_vfs>
    <supports_standalone>true</supports_standalone>
  </extension>
  <extension point="xbmc.addon.metadata">
    <summary lang="en_GB">The 3DO Company - 3DO (4DO)</summary>
    <description lang="en_GB">Emulator for 3DO by JohnnyDude|FreeDO team|trapexit[CR]Supported files: iso|bin|chd|cue[CR][CR]Game Addon Notes: (!) panafz10ja-anvil-kanji.bin (md5): 428577250f43edc902ea239c50d2240d</description>
    <license>LGPL/Non-commercial</license>
    <platform>windows-x86_64</platform>
    <source>http://buildbot.libretro.com/nightly/windows/x86_64/latest/4do_libretro.dll.zip</source>
    <news>Built from libretro buildbot commit 3bfed61e (2020-02-04)</news>
  </extension>
</addon>
