<?xml version='1.0' encoding='UTF-8'?>
<addon id="game.libretro.craft_libretro_buildbot" name="Minecraft (Craft)" version="1.2021.18684" provider-name="http://buildbot.libretro.com/">
  <requires>
    <import addon="game.libretro" version="1.0.0"/>
  </requires>
  <extension point="kodi.gameclient" library_windows="craft_libretro.dll">
    <platforms>Minecraft Game Clone</platforms>
    <extensions/>
    <supports_vfs>true</supports_vfs>
    <supports_standalone>true</supports_standalone>
  </extension>
  <extension point="xbmc.addon.metadata">
    <summary lang="en_GB">Minecraft (Craft)</summary>
    <description lang="en_GB">Game for Minecraft Game Clone by Michael Fogleman</description>
    <license>MIT</license>
    <platform>windows-x86_64</platform>
    <source>http://buildbot.libretro.com/nightly/windows/x86_64/latest/craft_libretro.dll.zip</source>
    <news>Built from libretro buildbot commit 66194447 (2021-02-26)</news>
  </extension>
</addon>
