<?xml version='1.0' encoding='UTF-8'?>
<addon id="game.libretro.crocods_libretro_buildbot" name="Amstrad - CPC (CrocoDS)" provider-name="http://buildbot.libretro.com/" version="1.2020.18348">
  <requires>
    <import addon="game.libretro" version="1.0.0"/>
  </requires>
  <extension library_linux="crocods_libretro.so" point="kodi.gameclient">
    <platforms>CPC</platforms>
    <extensions>dsk|sna|kcr</extensions>
    <supports_vfs>true</supports_vfs>
    <supports_standalone>false</supports_standalone>
  </extension>
  <extension point="xbmc.addon.metadata">
    <summary lang="en_GB">Amstrad - CPC (CrocoDS)</summary>
    <description lang="en_GB">Emulator for CPC by RedBug[CR]Supported files: dsk|sna|kcr</description>
    <license>MIT</license>
    <platform>all</platform>
    <source>http://buildbot.libretro.com/nightly/linux/armhf/latest/crocods_libretro.so.zip</source>
    <news>Built from libretro buildbot commit f2f4552b (2020-03-27)</news>
  </extension>
</addon>
