<?xml version='1.0' encoding='UTF-8'?>
<addon id="game.libretro.citra_libretro_buildbot" name="Nintendo - 3DS (Citra)" provider-name="http://buildbot.libretro.com/" version="1.2021.18681">
  <requires>
    <import addon="game.libretro" version="1.0.0"/>
  </requires>
  <extension library_windows="citra_libretro.dll" point="kodi.gameclient">
    <platforms>3DS</platforms>
    <extensions>3ds|3dsx|elf|axf|cci|cxi|app</extensions>
    <supports_vfs>true</supports_vfs>
    <supports_standalone>false</supports_standalone>
  </extension>
  <extension point="xbmc.addon.metadata">
    <summary lang="en_GB">Nintendo - 3DS (Citra)</summary>
    <description lang="en_GB">Emulator for 3DS by Citra Emulation Project[CR]Supported files: 3ds|3dsx|elf|axf|cci|cxi|app</description>
    <license>GPLv2+</license>
    <platform>windows-x86_64</platform>
    <source>http://buildbot.libretro.com/nightly/windows/x86_64/latest/citra_libretro.dll.zip</source>
    <news>Built from libretro buildbot commit 85670d9f (2021-02-23)</news>
  </extension>
</addon>
