<?xml version='1.0' encoding='UTF-8'?>
<addon id="game.libretro.nekop2_libretro_buildbot" name="NEC - PC-98 (Neko Project II)" provider-name="http://buildbot.libretro.com/" version="1.2019.18232">
  <requires>
    <import addon="game.libretro" version="1.0.0"/>
  </requires>
  <extension library_osx="nekop2_libretro.dylib" point="kodi.gameclient">
    <platforms>PC-98</platforms>
    <extensions>d98|zip|98d|fdi|fdd|2hd|tfd|d88|88d|hdm|xdf|dup|cmd|hdi|thd|nhd|hdd</extensions>
    <supports_vfs>false</supports_vfs>
    <supports_standalone>false</supports_standalone>
  </extension>
  <extension point="xbmc.addon.metadata">
    <summary lang="en_GB">NEC - PC-98 (Neko Project II)</summary>
    <description lang="en_GB">Emulator for PC-98 by Neko Project II Team[CR]Supported files: d98|zip|98d|fdi|fdd|2hd|tfd|d88|88d|hdm|xdf|dup|cmd|hdi|thd|nhd|hdd</description>
    <license/>
    <platform>osx-x86_64</platform>
    <source>http://buildbot.libretro.com/nightly/apple/osx/x86_64/latest/nekop2_libretro.dylib.zip</source>
    <news>Built from libretro buildbot commit 9483321f (2019-12-02)</news>
  </extension>
</addon>
