<?xml version='1.0' encoding='UTF-8'?>
<addon id="game.libretro.dinothawr_libretro_buildbot" name="Dinothawr" provider-name="http://buildbot.libretro.com/" version="1.2020.18272">
  <requires>
    <import addon="game.libretro" version="1.0.0"/>
    <import addon="game.controller.default"/>
  </requires>
  <extension library_linux="dinothawr_libretro.so" point="kodi.gameclient">
    <platforms>Dinothawr Game Engine</platforms>
    <extensions>game</extensions>
    <supports_vfs>false</supports_vfs>
    <supports_standalone>false</supports_standalone>
  </extension>
  <extension point="xbmc.addon.metadata">
    <summary lang="en_GB">Dinothawr</summary>
    <description lang="en_GB">Game for Dinothawr Game Engine by Themaister|Agnes Heyer[CR]Supported files: game[CR][CR]Game Addon Notes: (!) Dinothawr requires data ROM 'Dinothawr.zip'.|(!) Load Content 'dinothawr.game'.</description>
    <license>Non-commercial</license>
    <platform>all</platform>
    <source>http://buildbot.libretro.com/nightly/linux/armhf/latest/dinothawr_libretro.so.zip</source>
    <news>Built from libretro buildbot commit d01ab7de (2020-01-11)</news>
  </extension>
</addon>
