<?xml version='1.0' encoding='UTF-8'?>
<addon id="game.libretro.puae_libretro_buildbot" name="Commodore - Amiga (P-UAE)" provider-name="http://buildbot.libretro.com/" version="1.2020.18363">
  <requires>
    <import addon="game.libretro" version="1.0.0"/>
    <import addon="game.controller.default"/>
    <import addon="game.controller.keyboard"/>
    <import addon="game.controller.mouse"/>
  </requires>
  <extension library_linux="puae_libretro.so" point="kodi.gameclient">
    <platforms>Commodore Amiga</platforms>
    <extensions>adf|adz|dms|fdi|ipf|hdf|hdz|lha|cue|ccd|nrg|mds|iso|uae|m3u|zip</extensions>
    <supports_vfs>false</supports_vfs>
    <supports_standalone>true</supports_standalone>
  </extension>
  <extension point="xbmc.addon.metadata">
    <summary lang="en_GB">Commodore - Amiga (P-UAE)</summary>
    <description lang="en_GB">Emulator for Commodore Amiga by GnoStiC[CR]Supported files: adf|adz|dms|fdi|ipf|hdf|hdz|lha|cue|ccd|nrg|mds|iso|uae|m3u|zip[CR][CR]Game Addon Notes: (!) kick34005.A500 (md5): 82a21c1890cae844b3df741f2762d48d|(!) kick37175.A500 (md5): dc10d7bdd1b6f450773dfb558477c230|(!) kick40063.A600 (md5): e40a5dfb3d017ba8779faba30cbd1c8e|(!) kick40068.A1200 (md5): 646773759326fbac3b2311fd8c8793ee|(!) kick40060.CD32 (md5): 5f8924d013dd57a89cf349f4cdedc6b1|(!) kick40060.CD32.ext (md5): bb72565701b1b6faece07d68ea5da639[CR][CR]BIOS files are required for this core to function correctly</description>
    <license>GPLv2</license>
    <platform>all</platform>
    <source>http://buildbot.libretro.com/nightly/linux/armhf/latest/puae_libretro.so.zip</source>
    <news>Built from libretro buildbot commit 99ee037d (2020-04-11)</news>
  </extension>
</addon>
