<?xml version='1.0' encoding='UTF-8'?>
<addon id="game.libretro.mednafen_lynx_libretro_buildbot" name="Atari - Lynx (Beetle Handy)" provider-name="http://buildbot.libretro.com/" version="1.2020.18263">
  <requires>
    <import addon="game.libretro" version="1.0.0"/>
    <import addon="game.controller.atari.lynx"/>
  </requires>
  <extension library_android="mednafen_lynx_libretro_android.so" point="kodi.gameclient">
    <platforms>Lynx</platforms>
    <extensions>lnx|o</extensions>
    <supports_vfs>true</supports_vfs>
    <supports_standalone>false</supports_standalone>
  </extension>
  <extension point="xbmc.addon.metadata">
    <summary lang="en_GB">Atari - Lynx (Beetle Handy)</summary>
    <description lang="en_GB">Emulator for Lynx by K. Wilkins|Mednafen Team[CR]Supported files: lnx|o[CR][CR]Game Addon Notes: (!) lynxboot.img (md5): fcd403db69f54290b51035d82f835e7b[CR][CR]BIOS files are required for this core to function correctly</description>
    <license>Zlib|GPLv2</license>
    <platform>android-armv7</platform>
    <source>http://buildbot.libretro.com/nightly/android/latest/armeabi-v7a/mednafen_lynx_libretro_android.so.zip</source>
    <news>Built from libretro buildbot commit 376824ce (2020-01-02)</news>
  </extension>
</addon>
