<?xml version='1.0' encoding='UTF-8'?>
<addon id="game.libretro.virtualjaguar_libretro_buildbot" name="Atari - Jaguar (Virtual Jaguar)" provider-name="http://buildbot.libretro.com/" version="1.2020.18269">
  <requires>
    <import addon="game.libretro" version="1.0.0"/>
    <import addon="game.controller.default"/>
  </requires>
  <extension library_windows="virtualjaguar_libretro.dll" point="kodi.gameclient">
    <platforms>Jaguar</platforms>
    <extensions>j64|jag|rom|abs|cof|bin|prg</extensions>
    <supports_vfs>true</supports_vfs>
    <supports_standalone>false</supports_standalone>
  </extension>
  <extension point="xbmc.addon.metadata">
    <summary lang="en_GB">Atari - Jaguar (Virtual Jaguar)</summary>
    <description lang="en_GB">Emulator for Jaguar by David Raingeard|Shamus[CR]Supported files: j64|jag|rom|abs|cof|bin|prg</description>
    <license>GPLv3</license>
    <platform>windows-x86_64</platform>
    <source>http://buildbot.libretro.com/nightly/windows/x86_64/latest/virtualjaguar_libretro.dll.zip</source>
    <news>Built from libretro buildbot commit ecd7da59 (2020-01-08)</news>
  </extension>
</addon>
