<?xml version='1.0' encoding='UTF-8'?>
<addon id="game.libretro.fbalpha2012_cps2_libretro_buildbot" name="Arcade (FB Alpha 2012 CPS-2)" provider-name="http://buildbot.libretro.com/" version="1.2021.18681">
  <requires>
    <import addon="game.libretro" version="1.0.0"/>
    <import addon="game.controller.default"/>
  </requires>
  <extension library_windows="fbalpha2012_cps2_libretro.dll" point="kodi.gameclient">
    <platforms>CP System II</platforms>
    <extensions>zip</extensions>
    <supports_vfs>true</supports_vfs>
    <supports_standalone>false</supports_standalone>
  </extension>
  <extension point="xbmc.addon.metadata">
    <summary lang="en_GB">Arcade (FB Alpha 2012 CPS-2)</summary>
    <description lang="en_GB">Emulator for CP System II by Team FB Alpha[CR]Supported files: zip[CR][CR]Game Addon Notes: (!) The BIOS files must be inside the ROM directory.</description>
    <license>Non-commercial</license>
    <platform>windows-x86_64</platform>
    <source>http://buildbot.libretro.com/nightly/windows/x86_64/latest/fbalpha2012_cps2_libretro.dll.zip</source>
    <news>Built from libretro buildbot commit c3f9de82 (2021-02-23)</news>
  </extension>
</addon>
