<?xml version='1.0' encoding='UTF-8'?>
<addon id="game.libretro.gw_libretro_buildbot" name="Handheld Electronic (GW)" version="1.2021.18681" provider-name="http://buildbot.libretro.com/">
  <requires>
    <import addon="game.libretro" version="1.0.0"/>
  </requires>
  <extension point="kodi.gameclient" library_android="gw_libretro_android.so">
    <platforms>Handheld Electronic</platforms>
    <extensions>mgw</extensions>
    <supports_vfs>true</supports_vfs>
    <supports_standalone>false</supports_standalone>
  </extension>
  <extension point="xbmc.addon.metadata">
    <summary lang="en_GB">Handheld Electronic (GW)</summary>
    <description lang="en_GB">Emulator for Handheld Electronic by Andre Leiradella[CR]Supported files: mgw</description>
    <license>zlib</license>
    <platform>android-aarch64</platform>
    <source>http://buildbot.libretro.com/nightly/android/latest/arm64-v8a/gw_libretro_android.so.zip</source>
    <news>Built from libretro buildbot commit 4c31ceae (2021-02-23)</news>
  </extension>
</addon>
