<?xml version='1.0' encoding='UTF-8'?>
<addon id="game.libretro.yabause_libretro_buildbot" name="Sega - Saturn (Yabause)" provider-name="http://buildbot.libretro.com/" version="1.2021.18674">
  <requires>
    <import addon="game.libretro" version="1.0.0"/>
    <import addon="game.controller.saturn.3d"/>
    <import addon="game.controller.saturn"/>
  </requires>
  <extension library_osx="yabause_libretro.dylib" point="kodi.gameclient">
    <platforms>Saturn</platforms>
    <extensions>bin|ccd|chd|cue|iso|mds|zip</extensions>
    <supports_vfs>true</supports_vfs>
    <supports_standalone>false</supports_standalone>
  </extension>
  <extension point="xbmc.addon.metadata">
    <summary lang="en_GB">Sega - Saturn (Yabause)</summary>
    <description lang="en_GB">Emulator for Saturn by Guillaume Duhammel|Theo Berkau|Anders Montonen[CR]Supported files: bin|ccd|chd|cue|iso|mds|zip[CR][CR]Game Addon Notes: (!) saturn_bios.bin (md5): af5828fdff51384f99b3c4926be27762</description>
    <license>GPLv2</license>
    <platform>osx-x86_64</platform>
    <source>http://buildbot.libretro.com/nightly/apple/osx/x86_64/latest/yabause_libretro.dylib.zip</source>
    <news>Built from libretro buildbot commit 100cf462 (2021-02-16)</news>
  </extension>
</addon>
