<?xml version='1.0' encoding='UTF-8'?>
<addon id="game.libretro.ecwolf_libretro_buildbot" name="Wolfenstein 3D (ECWolf)" provider-name="http://buildbot.libretro.com/" version="1.2020.18336">
  <requires>
    <import addon="game.libretro" version="1.0.0"/>
    <import addon="game.controller.default"/>
  </requires>
  <extension library_windows="ecwolf_libretro.dll" point="kodi.gameclient">
    <platforms>Wolfenstein 3D Game Engine</platforms>
    <extensions>wl6|n3d|sod|sdm|wl1|pk3|exe</extensions>
    <supports_vfs>false</supports_vfs>
    <supports_standalone>false</supports_standalone>
  </extension>
  <extension point="xbmc.addon.metadata">
    <summary lang="en_GB">Wolfenstein 3D (ECWolf)</summary>
    <description lang="en_GB">Game for Wolfenstein 3D Game Engine by Braden Obrzut[CR]Supported files: wl6|n3d|sod|sdm|wl1|pk3|exe[CR][CR]Game Addon Notes: (!) ecwolf.pk3 (md5): d68107770b3ba230d10aa27472a7617b</description>
    <license>BSD|LGPL</license>
    <platform>windows-x86_64</platform>
    <source>http://buildbot.libretro.com/nightly/windows/x86_64/latest/ecwolf_libretro.dll.zip</source>
    <news>Built from libretro buildbot commit c1cce4f1 (2020-03-15)</news>
  </extension>
</addon>
