<?xml version='1.0' encoding='UTF-8'?>
<addon id="game.libretro.pocketcdg_libretro_buildbot" name="PocketCDG" version="1.2021.18681" provider-name="http://buildbot.libretro.com/">
  <requires>
    <import addon="game.libretro" version="1.0.0"/>
  </requires>
  <extension point="kodi.gameclient" library_android="pocketcdg_libretro_android.so">
    <platforms>Music</platforms>
    <extensions>cdg</extensions>
    <supports_vfs>true</supports_vfs>
    <supports_standalone>false</supports_standalone>
  </extension>
  <extension point="xbmc.addon.metadata">
    <summary lang="en_GB">PocketCDG</summary>
    <description lang="en_GB">Karaoke player for Music by RedBug[CR]Supported files: cdg</description>
    <license>MIT</license>
    <platform>android-aarch64</platform>
    <source>http://buildbot.libretro.com/nightly/android/latest/arm64-v8a/pocketcdg_libretro_android.so.zip</source>
    <news>Built from libretro buildbot commit da39b0c3 (2021-02-23)</news>
  </extension>
</addon>
