<?xml version='1.0' encoding='UTF-8'?>
<addon id="game.libretro.mednafen_pce_fast_libretro_buildbot" name="NEC - PC Engine / CD (Beetle PCE FAST)" provider-name="http://buildbot.libretro.com/" version="1.2020.18293">
  <requires>
    <import addon="game.libretro" version="1.0.0"/>
    <import addon="game.controller.pce"/>
  </requires>
  <extension library_linux="mednafen_pce_fast_libretro.so" point="kodi.gameclient">
    <platforms>PC Engine/PCE-CD</platforms>
    <extensions>pce|cue|ccd|iso|img|bin|chd</extensions>
    <supports_vfs>false</supports_vfs>
    <supports_standalone>false</supports_standalone>
  </extension>
  <extension point="xbmc.addon.metadata">
    <summary lang="en_GB">NEC - PC Engine / CD (Beetle PCE FAST)</summary>
    <description lang="en_GB">Emulator for PC Engine/PCE-CD by Mednafen Team[CR]Supported files: pce|cue|ccd|iso|img|bin|chd[CR][CR]Game Addon Notes: (!) syscard3.pce (md5): 38179df8f4ac870017db21ebcbf53114|[i] For cue files track type use:|[i] OGG for ogg files|[i] WAVE for wav files|[i] BINARY for iso files</description>
    <license>GPLv2</license>
    <platform>linux</platform>
    <source>http://buildbot.libretro.com/nightly/linux/x86_64/latest/mednafen_pce_fast_libretro.so.zip</source>
    <news>Built from libretro buildbot commit a29e728d (2020-02-01)</news>
  </extension>
</addon>
