<?xml version='1.0' encoding='UTF-8'?>
<addon id="game.libretro.thepowdertoy_libretro_buildbot" name="The Powder Toy" provider-name="http://buildbot.libretro.com/" version="1.2019.18233">
  <requires>
    <import addon="game.libretro" version="1.0.0"/>
  </requires>
  <extension library_windows="thepowdertoy_libretro.dll" point="kodi.gameclient">
    <platforms>Physics Toy</platforms>
    <extensions>cps</extensions>
    <supports_vfs>true</supports_vfs>
    <supports_standalone>true</supports_standalone>
  </extension>
  <extension point="xbmc.addon.metadata">
    <summary lang="en_GB">The Powder Toy</summary>
    <description lang="en_GB">Game for Physics Toy by jselby|Original TPT Contributors[CR]Supported files: cps</description>
    <license>GPLv3</license>
    <platform>windows-x86_64</platform>
    <source>http://buildbot.libretro.com/nightly/windows/x86_64/latest/thepowdertoy_libretro.dll.zip</source>
    <news>Built from libretro buildbot commit b67eebc2 (2019-12-03)</news>
  </extension>
</addon>
