<?xml version='1.0' encoding='UTF-8'?>
<addon id="game.libretro.gme_libretro_buildbot" name="Game Music Emu" provider-name="http://buildbot.libretro.com/" version="1.2020.18352">
  <requires>
    <import addon="game.libretro" version="1.0.0"/>
  </requires>
  <extension library_android="gme_libretro_android.so" point="kodi.gameclient">
    <platforms>Music</platforms>
    <extensions>ay|gbs|gym|hes|kss|nsf|nsfe|sap|spc|vgm|vgz|zip</extensions>
    <supports_vfs>true</supports_vfs>
    <supports_standalone>false</supports_standalone>
  </extension>
  <extension point="xbmc.addon.metadata">
    <summary lang="en_GB">Game Music Emu</summary>
    <description lang="en_GB">Music player for Music by Blargg[CR]Supported files: ay|gbs|gym|hes|kss|nsf|nsfe|sap|spc|vgm|vgz|zip</description>
    <license>GPLv3</license>
    <platform>android-aarch64</platform>
    <source>http://buildbot.libretro.com/nightly/android/latest/arm64-v8a/gme_libretro_android.so.zip</source>
    <news>Built from libretro buildbot commit e592014e (2020-03-31)</news>
  </extension>
</addon>
