<?xml version='1.0' encoding='UTF-8'?>
<addon id="game.libretro.ecwolf_libretro_buildbot" name="Wolfenstein 3D (ECWolf)" provider-name="http://buildbot.libretro.com/" version="1.2020.18316">
  <requires>
    <import addon="game.libretro" version="1.0.0"/>
  </requires>
  <extension library_windows="ecwolf_libretro.dll" point="kodi.gameclient">
    <platforms>Wolfenstein 3D Game Engine</platforms>
    <extensions>wl6|n3d|sod|sdm|wl1|pk3|exe</extensions>
    <supports_vfs>false</supports_vfs>
    <supports_standalone>false</supports_standalone>
  </extension>
  <extension point="xbmc.addon.metadata">
    <summary lang="en_GB">Wolfenstein 3D (ECWolf)</summary>
    <description lang="en_GB">Game for Wolfenstein 3D Game Engine by Braden Obrzut[CR]Supported files: wl6|n3d|sod|sdm|wl1|pk3|exe[CR][CR]Game Addon Notes: (!) ECWolf requires data ROM 'ecwolf.pk3' inside the System directory.</description>
    <license>BSD|LGPL</license>
    <platform>windows-x86_64</platform>
    <source>http://buildbot.libretro.com/nightly/windows/x86_64/latest/ecwolf_libretro.dll.zip</source>
    <news>Built from libretro buildbot commit c85ba9ab (2020-02-24)</news>
  </extension>
</addon>
