<?xml version='1.0' encoding='UTF-8'?>
<addon id="game.libretro.mu_libretro_buildbot" name="Palm OS (Mu)" provider-name="http://buildbot.libretro.com/" version="1.2020.18335">
  <requires>
    <import addon="game.libretro" version="1.0.0"/>
  </requires>
  <extension library_android="mu_libretro_android.so" point="kodi.gameclient">
    <platforms>Palm OS</platforms>
    <extensions>prc|pqa|img</extensions>
    <supports_vfs>false</supports_vfs>
    <supports_standalone>true</supports_standalone>
  </extension>
  <extension point="xbmc.addon.metadata">
    <summary lang="en_GB">Palm OS (Mu)</summary>
    <description lang="en_GB">Emulator for Palm OS by guicrith / meepingsnesroms[CR]Supported files: prc|pqa|img</description>
    <license>Non-commercial</license>
    <platform>android-aarch64</platform>
    <source>http://buildbot.libretro.com/nightly/android/latest/arm64-v8a/mu_libretro_android.so.zip</source>
    <news>Built from libretro buildbot commit d765bcee (2020-03-14)</news>
  </extension>
</addon>
