<?xml version='1.0' encoding='UTF-8'?>
<addon id="game.libretro.vitaquake2_libretro_buildbot" name="Quake II (vitaQuake 2)" version="1.2021.18683" provider-name="http://buildbot.libretro.com/">
  <requires>
    <import addon="game.libretro" version="1.0.0"/>
  </requires>
  <extension point="kodi.gameclient" library_linux="vitaquake2_libretro.so">
    <platforms>Quake II Game Engine</platforms>
    <extensions>pak</extensions>
    <supports_vfs>false</supports_vfs>
    <supports_standalone>false</supports_standalone>
  </extension>
  <extension point="xbmc.addon.metadata">
    <summary lang="en_GB">Quake II (vitaQuake 2)</summary>
    <description lang="en_GB">Game for Quake II Game Engine by Rinnegatamante[CR]Supported files: pak</description>
    <license>GPLv2</license>
    <platform>linux</platform>
    <source>http://buildbot.libretro.com/nightly/linux/x86_64/latest/vitaquake2_libretro.so.zip</source>
    <news>Built from libretro buildbot commit 127103f4 (2021-02-25)</news>
  </extension>
</addon>
