<?xml version='1.0' encoding='UTF-8'?>
<addon id="game.libretro.squirreljme_libretro_buildbot" name="Java ME (SquirrelJME)" provider-name="http://buildbot.libretro.com/" version="1.2021.18678">
  <requires>
    <import addon="game.libretro" version="1.0.0"/>
  </requires>
  <extension library_osx="squirreljme_libretro.dylib" point="kodi.gameclient">
    <platforms>Java ME</platforms>
    <extensions>jar</extensions>
    <supports_vfs>true</supports_vfs>
    <supports_standalone>true</supports_standalone>
  </extension>
  <extension point="xbmc.addon.metadata">
    <summary lang="en_GB">Java ME (SquirrelJME)</summary>
    <description lang="en_GB">Emulator for Java ME by Stephanie Gawroriski (Xer Shadow Tail)[CR]Supported files: jar[CR][CR]BIOS files are required for this core to function correctly</description>
    <license>GPLv3</license>
    <platform>osx-x86_64</platform>
    <source>http://buildbot.libretro.com/nightly/apple/osx/x86_64/latest/squirreljme_libretro.dylib.zip</source>
    <news>Built from libretro buildbot commit 92308e81 (2021-02-20)</news>
  </extension>
</addon>
