<?xml version='1.0' encoding='UTF-8'?>
<addon id="game.libretro.vitavoyager_libretro_buildbot" name="Star Trek: Voyager - Elite Force (vitaVoyager)" provider-name="http://buildbot.libretro.com/" version="1.2020.18264">
  <requires>
    <import addon="game.libretro" version="1.0.0"/>
  </requires>
  <extension library_linux="vitavoyager_libretro.so" point="kodi.gameclient">
    <platforms>Quake 3 Game Engine</platforms>
    <extensions>pak</extensions>
    <supports_vfs>false</supports_vfs>
    <supports_standalone>false</supports_standalone>
  </extension>
  <extension point="xbmc.addon.metadata">
    <summary lang="en_GB">Star Trek: Voyager - Elite Force (vitaVoyager)</summary>
    <description lang="en_GB">Game for Quake 3 Game Engine by Rinnegatamante[CR]Supported files: pak</description>
    <license>GPLv2</license>
    <platform>linux</platform>
    <source>http://buildbot.libretro.com/nightly/linux/x86_64/latest/vitavoyager_libretro.so.zip</source>
    <news>Built from libretro buildbot commit 74a2aa69 (2020-01-03)</news>
  </extension>
</addon>
