<?xml version='1.0' encoding='UTF-8'?>
<addon id="game.libretro.dolphin_libretro_buildbot" name="Nintendo - GameCube / Wii (Dolphin)" provider-name="http://buildbot.libretro.com/" version="1.2020.18501">
  <requires>
    <import addon="game.libretro" version="1.0.0"/>
  </requires>
  <extension library_osx="dolphin_libretro.dylib" point="kodi.gameclient">
    <platforms>GameCube / Wii</platforms>
    <extensions>gcm|iso|wbfs|ciso|gcz|elf|dol|dff|tgc|wad|rvz|m3u</extensions>
    <supports_vfs>true</supports_vfs>
    <supports_standalone>false</supports_standalone>
  </extension>
  <extension point="xbmc.addon.metadata">
    <summary lang="en_GB">Nintendo - GameCube / Wii (Dolphin)</summary>
    <description lang="en_GB">Emulator for GameCube / Wii by Team Dolphin[CR]Supported files: gcm|iso|wbfs|ciso|gcz|elf|dol|dff|tgc|wad|rvz|m3u[CR][CR]Game Addon Notes: (!) You need the Dolphin 'Sys' folder in 'system/dolphin-emu'.|(!) Check https://docs.libretro.com/library/dolphin/#setup for more details.[CR][CR]BIOS files are required for this core to function correctly</description>
    <license>GPLv2+</license>
    <platform>osx-x86_64</platform>
    <source>http://buildbot.libretro.com/nightly/apple/osx/x86_64/latest/dolphin_libretro.dylib.zip</source>
    <news>Built from libretro buildbot commit a6a3b32c (2020-08-27)</news>
  </extension>
</addon>
