<?xml version='1.0' encoding='UTF-8'?>
<addon id="game.libretro.flycast_wince_libretro_buildbot" name="Sega - Dreamcast/NAOMI (Flycast WinCE)" provider-name="http://buildbot.libretro.com/" version="79bdb2cf">
  <requires>
    <import addon="game.libretro" version="1.0.0"/>
    <import addon="game.controller.dreamcast"/>
  </requires>
  <extension library_osx="flycast_wince_libretro.dylib" point="kodi.gameclient">
    <platforms>Sega Dreamcast</platforms>
    <extensions>chd|cdi|iso|elf|bin|cue|gdi|lst|zip|dat|7z</extensions>
    <supports_vfs>false</supports_vfs>
    <supports_standalone>false</supports_standalone>
  </extension>
  <extension point="xbmc.addon.metadata">
    <summary lang="en_GB">Sega - Dreamcast/NAOMI (Flycast WinCE)</summary>
    <description lang="en_GB">Emulator for Sega Dreamcast by flyinghead[CR]Supported files: chd|cdi|iso|elf|bin|cue|gdi|lst|zip|dat|7z[CR][CR]Game Addon Notes: (!) dc_boot.bin (md5): e10c53c2f8b90bab96ead2d368858623|(!) dc_flash.bin (md5): 0a93f7940c455905bea6e392dfde92a4|(!) naomi.zip (md5): eb4099aeb42ef089cfe94f8fe95e51f6|(!) hod2bios.zip (md5): 9c755171b222fb1f4e1439d5b709dbf1|(!) f355dlx.zip (md5): 5e83867c751f692a000afdf658dc181f|(!) f355bios.zip (md5): f126d318f135f38ee377fef2acf08d7e|(!) airlbios.zip (md5): 3f348c88af99a40fbd11fa435f28c69d|(!) awbios.zip (md5): 0ec5ae5b5a5c4959fa8b43fcf8687f7c</description>
    <license>GPLv2</license>
    <platform>osx-x86_64</platform>
    <source>http://buildbot.libretro.com/nightly/apple/osx/x86_64/latest/flycast_wince_libretro.dylib.zip</source>
    <news>Built from libretro buildbot commit 79bdb2cf (2019-09-15)</news>
  </extension>
</addon>
