<?xml version='1.0' encoding='UTF-8'?>
<addon id="game.libretro.crocods_libretro_buildbot" name="Amstrad - CPC (CrocoDS)" provider-name="http://buildbot.libretro.com/" version="1.2019.18232">
  <requires>
    <import addon="game.libretro" version="1.0.0"/>
  </requires>
  <extension library_osx="crocods_libretro.dylib" point="kodi.gameclient">
    <platforms>CPC</platforms>
    <extensions>dsk|sna|kcr</extensions>
    <supports_vfs>true</supports_vfs>
    <supports_standalone>false</supports_standalone>
  </extension>
  <extension point="xbmc.addon.metadata">
    <summary lang="en_GB">Amstrad - CPC (CrocoDS)</summary>
    <description lang="en_GB">Emulator for CPC by RedBug[CR]Supported files: dsk|sna|kcr</description>
    <license>MIT</license>
    <platform>osx-x86_64</platform>
    <source>http://buildbot.libretro.com/nightly/apple/osx/x86_64/latest/crocods_libretro.dylib.zip</source>
    <news>Built from libretro buildbot commit 17ff0e11 (2019-12-02)</news>
  </extension>
</addon>
