<?xml version='1.0' encoding='UTF-8'?>
<addon id="game.libretro.blastem_libretro_buildbot" name="Sega - Mega Drive - Genesis (BlastEm)" provider-name="http://buildbot.libretro.com/" version="1.2019.18231">
  <requires>
    <import addon="game.libretro" version="1.0.0"/>
  </requires>
  <extension library_linux="blastem_libretro.so" point="kodi.gameclient">
    <platforms>Sega Genesis</platforms>
    <extensions>md|bin|smd</extensions>
    <supports_vfs>true</supports_vfs>
    <supports_standalone>false</supports_standalone>
  </extension>
  <extension point="xbmc.addon.metadata">
    <summary lang="en_GB">Sega - Mega Drive - Genesis (BlastEm)</summary>
    <description lang="en_GB">Emulator for Sega Genesis by Mike Pavone[CR]Supported files: md|bin|smd[CR][CR]Game Addon Notes: (!) rom.db (md5): ff4a3572475236e859e3e9ac5c87d1f1</description>
    <license>GPLv3</license>
    <platform>all</platform>
    <source>http://buildbot.libretro.com/nightly/linux/x86_64/latest/blastem_libretro.so.zip</source>
    <news>Built from libretro buildbot commit 55a52ac2 (2019-12-01)</news>
  </extension>
</addon>
