<?xml version='1.0' encoding='UTF-8'?>
<addon id="game.libretro.nxengine_libretro_buildbot" name="Cave Story (NXEngine)" version="1.2021.18684" provider-name="http://buildbot.libretro.com/">
  <requires>
    <import addon="game.libretro" version="1.0.0"/>
    <import addon="game.controller.default"/>
  </requires>
  <extension point="kodi.gameclient" library_linux="nxengine_libretro.so">
    <platforms>Cave Story Game Engine</platforms>
    <extensions>exe</extensions>
    <supports_vfs>false</supports_vfs>
    <supports_standalone>false</supports_standalone>
  </extension>
  <extension point="xbmc.addon.metadata">
    <summary lang="en_GB">Cave Story (NXEngine)</summary>
    <description lang="en_GB">Game for Cave Story Game Engine by Caitlin Shaw[CR]Supported files: exe[CR][CR]Game Addon Notes: (!) NXEngine requires data ROM 'Cave Story (en).zip'.|(!) Load Content 'Doukutsu.exe'</description>
    <license>GPLv3</license>
    <platform>all</platform>
    <source>http://buildbot.libretro.com/nightly/linux/x86_64/latest/nxengine_libretro.so.zip</source>
    <news>Built from libretro buildbot commit 38182eb9 (2021-02-26)</news>
  </extension>
</addon>
