<?xml version='1.0' encoding='UTF-8'?>
<addon id="game.libretro.ishiiruka_libretro_buildbot" name="Nintendo - GameCube / Wii (Ishiiruka)" provider-name="http://buildbot.libretro.com/" version="1.2019.18231">
  <requires>
    <import addon="game.libretro" version="1.0.0"/>
  </requires>
  <extension library_linux="ishiiruka_libretro.so" point="kodi.gameclient">
    <platforms>GameCube / Wii</platforms>
    <extensions>gcm|iso|wbfs|ciso|gcz|elf|dol|dff|tgc|wad</extensions>
    <supports_vfs>false</supports_vfs>
    <supports_standalone>false</supports_standalone>
  </extension>
  <extension point="xbmc.addon.metadata">
    <summary lang="en_GB">Nintendo - GameCube / Wii (Ishiiruka)</summary>
    <description lang="en_GB">Emulator for GameCube / Wii by Team Ishiiruka[CR]Supported files: gcm|iso|wbfs|ciso|gcz|elf|dol|dff|tgc|wad</description>
    <license>GPLv2+</license>
    <platform>linux</platform>
    <source>http://buildbot.libretro.com/nightly/linux/x86_64/latest/ishiiruka_libretro.so.zip</source>
    <news>Built from libretro buildbot commit 76479e7a (2019-12-01)</news>
  </extension>
</addon>
