<?xml version='1.0' encoding='UTF-8'?>
<addon id="game.libretro.desmume2015_libretro_buildbot" name="Nintendo - DS (DeSmuME 2015)" provider-name="http://buildbot.libretro.com/" version="1.2020.18263">
  <requires>
    <import addon="game.libretro" version="1.0.0"/>
    <import addon="game.controller.nds"/>
  </requires>
  <extension library_android="desmume2015_libretro_android.so" point="kodi.gameclient">
    <platforms>Nintendo DS</platforms>
    <extensions>nds|bin</extensions>
    <supports_vfs>false</supports_vfs>
    <supports_standalone>false</supports_standalone>
  </extension>
  <extension point="xbmc.addon.metadata">
    <summary lang="en_GB">Nintendo - DS (DeSmuME 2015)</summary>
    <description lang="en_GB">Emulator for Nintendo DS by YopYop156|Zeromus[CR]Supported files: nds|bin</description>
    <license>GPLv2</license>
    <platform>android-armv7</platform>
    <source>http://buildbot.libretro.com/nightly/android/latest/armeabi-v7a/desmume2015_libretro_android.so.zip</source>
    <news>Built from libretro buildbot commit 0089df8c (2020-01-02)</news>
  </extension>
</addon>
