<?xml version='1.0' encoding='UTF-8'?>
<addon id="game.libretro.reminiscence_libretro_buildbot" name="Flashback (REminiscence)" provider-name="http://buildbot.libretro.com/" version="1.2020.18269">
  <requires>
    <import addon="game.libretro" version="1.0.0"/>
  </requires>
  <extension library_android="reminiscence_libretro_android.so" point="kodi.gameclient">
    <platforms>Flashback Game Engine</platforms>
    <extensions>map|aba|seq|lev</extensions>
    <supports_vfs>false</supports_vfs>
    <supports_standalone>false</supports_standalone>
  </extension>
  <extension point="xbmc.addon.metadata">
    <summary lang="en_GB">Flashback (REminiscence)</summary>
    <description lang="en_GB">Game for Flashback Game Engine by Gregory Montoir|Stuart Carnie[CR]Supported files: map|aba|seq|lev</description>
    <license>GPLv3</license>
    <platform>android-armv7</platform>
    <source>http://buildbot.libretro.com/nightly/android/latest/armeabi-v7a/reminiscence_libretro_android.so.zip</source>
    <news>Built from libretro buildbot commit ed42c54e (2020-01-08)</news>
  </extension>
</addon>
