<?xml version='1.0' encoding='UTF-8'?>
<addon id="game.libretro.fuse_libretro_buildbot" name="ZX Spectrum (Fuse)" provider-name="http://buildbot.libretro.com/" version="1.2020.18300">
  <requires>
    <import addon="game.libretro" version="1.0.0"/>
    <import addon="game.controller.keyboard"/>
    <import addon="game.controller.atari.2600"/>
  </requires>
  <extension library_osx="fuse_libretro.dylib" point="kodi.gameclient">
    <platforms>ZX Spectrum (various)</platforms>
    <extensions>tzx|tap|z80|rzx|scl|trd</extensions>
    <supports_vfs>true</supports_vfs>
    <supports_standalone>false</supports_standalone>
  </extension>
  <extension point="xbmc.addon.metadata">
    <summary lang="en_GB">ZX Spectrum (Fuse)</summary>
    <description lang="en_GB">Emulator for ZX Spectrum (various) by Team Fuse[CR]Supported files: tzx|tap|z80|rzx|scl|trd[CR][CR]Game Addon Notes: [1] Amstrad have kindly given their permission for the redistribution|[^] of their copyrighted material but retain that copyright.</description>
    <license>GPLv3</license>
    <platform>osx-x86_64</platform>
    <source>http://buildbot.libretro.com/nightly/apple/osx/x86_64/latest/fuse_libretro.dylib.zip</source>
    <news>Built from libretro buildbot commit 25d6034c (2020-02-08)</news>
  </extension>
</addon>
