<?xml version='1.0' encoding='UTF-8'?>
<addon id="game.libretro.prosystem_libretro_buildbot" name="Atari - 7800 (ProSystem)" provider-name="http://buildbot.libretro.com/" version="1.2020.18269">
  <requires>
    <import addon="game.libretro" version="1.0.0"/>
    <import addon="game.controller.atari.7800.gamepad"/>
    <import addon="game.controller.atari.7800.proline"/>
  </requires>
  <extension library_osx="prosystem_libretro.dylib" point="kodi.gameclient">
    <platforms>Atari 7800</platforms>
    <extensions>a78|bin</extensions>
    <supports_vfs>true</supports_vfs>
    <supports_standalone>false</supports_standalone>
  </extension>
  <extension point="xbmc.addon.metadata">
    <summary lang="en_GB">Atari - 7800 (ProSystem)</summary>
    <description lang="en_GB">Emulator for Atari 7800 by Greg Stanton|Brian Berlin|Leonis|Greg DeMent[CR]Supported files: a78|bin[CR][CR]Game Addon Notes: (!) 7800 BIOS (U).rom (md5): 0763f1ffb006ddbe32e52d497ee848ae</description>
    <license>GPLv2</license>
    <platform>osx-x86_64</platform>
    <source>http://buildbot.libretro.com/nightly/apple/osx/x86_64/latest/prosystem_libretro.dylib.zip</source>
    <news>Built from libretro buildbot commit fd03fb20 (2020-01-08)</news>
  </extension>
</addon>
