<?xml version='1.0' encoding='UTF-8'?>
<addon id="game.libretro.thepowdertoy_libretro_buildbot" name="The Powder Toy" provider-name="http://buildbot.libretro.com/" version="1.2021.18674">
  <requires>
    <import addon="game.libretro" version="1.0.0"/>
  </requires>
  <extension library_android="thepowdertoy_libretro_android.so" point="kodi.gameclient">
    <platforms>Physics Toy</platforms>
    <extensions>cps</extensions>
    <supports_vfs>true</supports_vfs>
    <supports_standalone>true</supports_standalone>
  </extension>
  <extension point="xbmc.addon.metadata">
    <summary lang="en_GB">The Powder Toy</summary>
    <description lang="en_GB">Game for Physics Toy by jselby|Original TPT Contributors[CR]Supported files: cps</description>
    <license>GPLv3</license>
    <platform>android-armv7</platform>
    <source>http://buildbot.libretro.com/nightly/android/latest/armeabi-v7a/thepowdertoy_libretro_android.so.zip</source>
    <news>Built from libretro buildbot commit a47d186d (2021-02-16)</news>
  </extension>
</addon>
