<?xml version='1.0' encoding='UTF-8'?>
<addon id="game.libretro.sameboy_libretro_buildbot" name="Nintendo - Game Boy / Color (SameBoy)" version="1.2021.18683" provider-name="http://buildbot.libretro.com/">
  <requires>
    <import addon="game.libretro" version="1.0.0"/>
    <import addon="game.controller.gameboy"/>
  </requires>
  <extension point="kodi.gameclient" library_android="sameboy_libretro_android.so">
    <platforms>Game Boy/Game Boy Color</platforms>
    <extensions>gb|gbc</extensions>
    <supports_vfs>false</supports_vfs>
    <supports_standalone>false</supports_standalone>
  </extension>
  <extension point="xbmc.addon.metadata">
    <summary lang="en_GB">Nintendo - Game Boy / Color (SameBoy)</summary>
    <description lang="en_GB">Emulator for Game Boy/Game Boy Color by LIJI32[CR]Supported files: gb|gbc[CR][CR]Game Addon Notes: (!) dmg_boot.bin (md5): 32fbbd84168d3482956eb3c5051637f5|(!) cgb_boot.bin (md5): dbfce9db9deaa2567f6a84fde55f9680</description>
    <license>MIT</license>
    <platform>android-armv7</platform>
    <source>http://buildbot.libretro.com/nightly/android/latest/armeabi-v7a/sameboy_libretro_android.so.zip</source>
    <news>Built from libretro buildbot commit fa52eb62 (2021-02-25)</news>
  </extension>
</addon>
