<?xml version='1.0' encoding='UTF-8'?>
<addon id="game.libretro.vice_xvic_libretro_buildbot" name="Commodore - VIC20 (VICE xvic)" provider-name="http://buildbot.libretro.com/" version="1.2020.18349">
  <requires>
    <import addon="game.libretro" version="1.0.0"/>
    <import addon="game.controller.keyboard"/>
    <import addon="game.controller.default"/>
    <import addon="game.controller.mouse"/>
  </requires>
  <extension library_android="vice_xvic_libretro_android.so" point="kodi.gameclient">
    <platforms>VIC20</platforms>
    <extensions>20|40|60|a0|b0|d64|d71|d80|d81|d82|g64|g41|x64|t64|tap|prg|p00|crt|bin|zip|gz|d6z|d7z|d8z|g6z|g4z|x6z|cmd|m3u|vsf</extensions>
    <supports_vfs>false</supports_vfs>
    <supports_standalone>true</supports_standalone>
  </extension>
  <extension point="xbmc.addon.metadata">
    <summary lang="en_GB">Commodore - VIC20 (VICE xvic)</summary>
    <description lang="en_GB">Emulator for VIC20 by VICE Core Team Members[CR]Supported files: 20|40|60|a0|b0|d64|d71|d80|d81|d82|g64|g41|x64|t64|tap|prg|p00|crt|bin|zip|gz|d6z|d7z|d8z|g6z|g4z|x6z|cmd|m3u|vsf</description>
    <license>GPLv2</license>
    <platform>android-aarch64</platform>
    <source>http://buildbot.libretro.com/nightly/android/latest/arm64-v8a/vice_xvic_libretro_android.so.zip</source>
    <news>Built from libretro buildbot commit 8100fd66 (2020-03-28)</news>
  </extension>
</addon>
