<?xml version='1.0' encoding='UTF-8'?>
<addon id="game.libretro.vitaquake3_libretro_buildbot" name="Quake III: Arena (vitaQuake 3)" provider-name="http://buildbot.libretro.com/" version="1.2020.18272">
  <requires>
    <import addon="game.libretro" version="1.0.0"/>
  </requires>
  <extension library_linux="vitaquake3_libretro.so" point="kodi.gameclient">
    <platforms>Quake 3 Game Engine</platforms>
    <extensions>pk3</extensions>
    <supports_vfs>false</supports_vfs>
    <supports_standalone>false</supports_standalone>
  </extension>
  <extension point="xbmc.addon.metadata">
    <summary lang="en_GB">Quake III: Arena (vitaQuake 3)</summary>
    <description lang="en_GB">Game for Quake 3 Game Engine by Rinnegatamante[CR]Supported files: pk3</description>
    <license>GPLv2</license>
    <platform>linux</platform>
    <source>http://buildbot.libretro.com/nightly/linux/x86_64/latest/vitaquake3_libretro.so.zip</source>
    <news>Built from libretro buildbot commit be337bd3 (2020-01-11)</news>
  </extension>
</addon>
