<?xml version='1.0' encoding='UTF-8'?>
<addon id="game.libretro.flycast_libretro_buildbot" name="Sega - Dreamcast/NAOMI (Flycast)" provider-name="http://buildbot.libretro.com/" version="1.2021.18678">
  <requires>
    <import addon="game.libretro" version="1.0.0"/>
    <import addon="game.controller.dreamcast"/>
  </requires>
  <extension library_osx="flycast_libretro.dylib" point="kodi.gameclient">
    <platforms>Sega Dreamcast</platforms>
    <extensions>chd|cdi|iso|elf|bin|cue|gdi|lst|zip|dat|7z|m3u</extensions>
    <supports_vfs>true</supports_vfs>
    <supports_standalone>false</supports_standalone>
  </extension>
  <extension point="xbmc.addon.metadata">
    <summary lang="en_GB">Sega - Dreamcast/NAOMI (Flycast)</summary>
    <description lang="en_GB">Emulator for Sega Dreamcast by flyinghead[CR]Supported files: chd|cdi|iso|elf|bin|cue|gdi|lst|zip|dat|7z|m3u[CR][CR]Game Addon Notes: (!) dc_boot.bin (md5): e10c53c2f8b90bab96ead2d368858623|(!) dc_flash.bin (md5): 0a93f7940c455905bea6e392dfde92a4|(!) naomi.zip|(!) hod2bios.zip|(!) f355dlx.zip|(!) f355bios.zip|(!) airlbios.zip|(!) awbios.zip</description>
    <license>GPLv2</license>
    <platform>osx-x86_64</platform>
    <source>http://buildbot.libretro.com/nightly/apple/osx/x86_64/latest/flycast_libretro.dylib.zip</source>
    <news>Built from libretro buildbot commit 9ba2f3fb (2021-02-20)</news>
  </extension>
</addon>
