<?xml version='1.0' encoding='UTF-8'?>
<addon id="game.libretro.mednafen_ngp_libretro_buildbot" name="SNK - Neo Geo Pocket / Color (Beetle NeoPop)" version="1.2021.18683" provider-name="http://buildbot.libretro.com/">
  <requires>
    <import addon="game.libretro" version="1.0.0"/>
    <import addon="game.controller.ngp"/>
  </requires>
  <extension point="kodi.gameclient" library_android="mednafen_ngp_libretro_android.so">
    <platforms>Neo Geo Pocket (Color)</platforms>
    <extensions>ngp|ngc|ngpc|npc</extensions>
    <supports_vfs>true</supports_vfs>
    <supports_standalone>false</supports_standalone>
  </extension>
  <extension point="xbmc.addon.metadata">
    <summary lang="en_GB">SNK - Neo Geo Pocket / Color (Beetle NeoPop)</summary>
    <description lang="en_GB">Emulator for Neo Geo Pocket (Color) by neopop_uk|Mednafen Team[CR]Supported files: ngp|ngc|ngpc|npc</description>
    <license>GPLv2</license>
    <platform>android-aarch64</platform>
    <source>http://buildbot.libretro.com/nightly/android/latest/arm64-v8a/mednafen_ngp_libretro_android.so.zip</source>
    <news>Built from libretro buildbot commit 270be7e1 (2021-02-25)</news>
  </extension>
</addon>
