<?xml version='1.0' encoding='UTF-8'?>
<addon id="game.libretro.nestopia_libretro_buildbot" name="Nintendo - NES / Famicom (Nestopia UE)" version="1.2021.18681" provider-name="http://buildbot.libretro.com/">
  <requires>
    <import addon="game.libretro" version="1.0.0"/>
    <import addon="game.controller.nes"/>
    <import addon="game.controller.default"/>
  </requires>
  <extension point="kodi.gameclient" library_linux="nestopia_libretro.so">
    <platforms>Nintendo Entertainment System</platforms>
    <extensions>nes|fds|unf|unif</extensions>
    <supports_vfs>true</supports_vfs>
    <supports_standalone>false</supports_standalone>
  </extension>
  <extension point="xbmc.addon.metadata">
    <summary lang="en_GB">Nintendo - NES / Famicom (Nestopia UE)</summary>
    <description lang="en_GB">Emulator for Nintendo Entertainment System by Martin Freij|R. Belmont|R. Danbrook[CR]Supported files: nes|fds|unf|unif[CR][CR]Game Addon Notes: Get NstDatabase.xml from https://github.com/0ldsk00l/nestopia|(!) disksys.rom (md5): ca30b50f880eb660a320674ed365ef7a|Press Retropad L1 to switch disk side.</description>
    <license>GPLv2</license>
    <platform>all</platform>
    <source>http://buildbot.libretro.com/nightly/linux/x86_64/latest/nestopia_libretro.so.zip</source>
    <news>Built from libretro buildbot commit 3752a968 (2021-02-23)</news>
  </extension>
</addon>
