<?xml version='1.0' encoding='UTF-8'?>
<addon id="game.libretro.mupen64plus_next_libretro_buildbot" name="Nintendo - Nintendo 64 (Mupen64Plus-Next)" provider-name="http://buildbot.libretro.com/" version="1.2020.18297">
  <requires>
    <import addon="game.libretro" version="1.0.0"/>
  </requires>
  <extension library_android="mupen64plus_next_libretro_android.so" point="kodi.gameclient">
    <platforms>Nintendo 64</platforms>
    <extensions>n64|v64|z64|bin|u1|ndd</extensions>
    <supports_vfs>true</supports_vfs>
    <supports_standalone>false</supports_standalone>
  </extension>
  <extension point="xbmc.addon.metadata">
    <summary lang="en_GB">Nintendo - Nintendo 64 (Mupen64Plus-Next)</summary>
    <description lang="en_GB">Emulator for Nintendo 64 by m4xw|Hacktarux|gonetz|GLideN64 Contributors|Mupen64Plus Team[CR]Supported files: n64|v64|z64|bin|u1|ndd</description>
    <license>GPLv2</license>
    <platform>android-armv7</platform>
    <source>http://buildbot.libretro.com/nightly/android/latest/armeabi-v7a/mupen64plus_next_libretro_android.so.zip</source>
    <news>Built from libretro buildbot commit 23009c0b (2020-02-05)</news>
  </extension>
</addon>
