<?xml version='1.0' encoding='UTF-8'?>
<addon id="game.libretro.uzem_libretro_buildbot" name="Uzebox (Uzem)" provider-name="http://buildbot.libretro.com/" version="1.2021.18681">
  <requires>
    <import addon="game.libretro" version="1.0.0"/>
  </requires>
  <extension library_windows="uzem_libretro.dll" point="kodi.gameclient">
    <platforms>Uzebox</platforms>
    <extensions>uze</extensions>
    <supports_vfs>true</supports_vfs>
    <supports_standalone>false</supports_standalone>
  </extension>
  <extension point="xbmc.addon.metadata">
    <summary lang="en_GB">Uzebox (Uzem)</summary>
    <description lang="en_GB">Emulator for Uzebox[CR]Supported files: uze</description>
    <license>MIT</license>
    <platform>windows-x86_64</platform>
    <source>http://buildbot.libretro.com/nightly/windows/x86_64/latest/uzem_libretro.dll.zip</source>
    <news>Built from libretro buildbot commit 0fd7d6d2 (2021-02-23)</news>
  </extension>
</addon>
