<?xml version='1.0' encoding='UTF-8'?>
<addon id="game.libretro.meteor_libretro_buildbot" name="Nintendo - Game Boy Advance (Meteor)" provider-name="http://buildbot.libretro.com/" version="d0c79234">
  <requires>
    <import addon="game.libretro" version="1.0.0"/>
    <import addon="game.controller.gba"/>
  </requires>
  <extension library_linux="meteor_libretro.so" point="kodi.gameclient">
    <platforms>Game Boy Advance</platforms>
    <extensions>gba</extensions>
    <supports_vfs>true</supports_vfs>
    <supports_standalone>false</supports_standalone>
  </extension>
  <extension point="xbmc.addon.metadata">
    <summary lang="en_GB">Nintendo - Game Boy Advance (Meteor)</summary>
    <description lang="en_GB">Emulator for Game Boy Advance by Philippe Daouadi[CR]Supported files: gba</description>
    <license>GPLv3</license>
    <platform>all</platform>
    <source>http://buildbot.libretro.com/nightly/linux/armhf/latest/meteor_libretro.so.zip</source>
    <news>Built from libretro buildbot commit d0c79234 (2018-05-23)</news>
  </extension>
</addon>
