<?xml version='1.0' encoding='UTF-8'?>
<addon id="game.libretro.redbook_libretro_buildbot" name="Redbook Audio Player" provider-name="http://buildbot.libretro.com/" version="1.2019.18231">
  <requires>
    <import addon="game.libretro" version="1.0.0"/>
  </requires>
  <extension library_linux="redbook_libretro.so" point="kodi.gameclient">
    <platforms>Redbook</platforms>
    <extensions>cue|bin</extensions>
    <supports_vfs>false</supports_vfs>
    <supports_standalone>false</supports_standalone>
  </extension>
  <extension point="xbmc.addon.metadata">
    <summary lang="en_GB">Redbook Audio Player</summary>
    <description lang="en_GB">music for Redbook by Brad Parker[CR]Supported files: cue|bin</description>
    <license>Apache 2.0</license>
    <platform>all</platform>
    <source>http://buildbot.libretro.com/nightly/linux/x86_64/latest/redbook_libretro.so.zip</source>
    <news>Built from libretro buildbot commit 938b0985 (2019-12-01)</news>
  </extension>
</addon>
