<?xml version='1.0' encoding='UTF-8'?>
<addon id="game.libretro.mednafen_vb_libretro_buildbot" name="Nintendo - Virtual Boy (Beetle VB)" provider-name="http://buildbot.libretro.com/" version="1.2021.18681">
  <requires>
    <import addon="game.libretro" version="1.0.0"/>
    <import addon="game.controller.vb"/>
  </requires>
  <extension library_windows="mednafen_vb_libretro.dll" point="kodi.gameclient">
    <platforms>Virtual Boy</platforms>
    <extensions>vb|vboy|bin</extensions>
    <supports_vfs>true</supports_vfs>
    <supports_standalone>false</supports_standalone>
  </extension>
  <extension point="xbmc.addon.metadata">
    <summary lang="en_GB">Nintendo - Virtual Boy (Beetle VB)</summary>
    <description lang="en_GB">Emulator for Virtual Boy by Mednafen Team[CR]Supported files: vb|vboy|bin</description>
    <license>GPLv2</license>
    <platform>windows-x86_64</platform>
    <source>http://buildbot.libretro.com/nightly/windows/x86_64/latest/mednafen_vb_libretro.dll.zip</source>
    <news>Built from libretro buildbot commit 62c27abc (2021-02-23)</news>
  </extension>
</addon>
