<?xml version='1.0' encoding='UTF-8'?>
<addon id="game.libretro.fuse_libretro_buildbot" name="Sinclair - ZX Spectrum (Fuse)" provider-name="http://buildbot.libretro.com/" version="1.2021.18674">
  <requires>
    <import addon="game.libretro" version="1.0.0"/>
    <import addon="game.controller.atari.2600"/>
    <import addon="game.controller.keyboard"/>
  </requires>
  <extension library_android="fuse_libretro_android.so" point="kodi.gameclient">
    <platforms>ZX Spectrum (various)</platforms>
    <extensions>tzx|tap|z80|rzx|scl|trd</extensions>
    <supports_vfs>true</supports_vfs>
    <supports_standalone>false</supports_standalone>
  </extension>
  <extension point="xbmc.addon.metadata">
    <summary lang="en_GB">Sinclair - ZX Spectrum (Fuse)</summary>
    <description lang="en_GB">Emulator for ZX Spectrum (various) by Team Fuse[CR]Supported files: tzx|tap|z80|rzx|scl|trd[CR][CR]Game Addon Notes: [1] Amstrad have kindly given their permission for the redistribution|[^] of their copyrighted material but retain that copyright.</description>
    <license>GPLv3</license>
    <platform>android-armv7</platform>
    <source>http://buildbot.libretro.com/nightly/android/latest/armeabi-v7a/fuse_libretro_android.so.zip</source>
    <news>Built from libretro buildbot commit f591a6a6 (2021-02-16)</news>
  </extension>
</addon>
