<?xml version='1.0' encoding='UTF-8'?>
<addon id="game.libretro.mu_libretro_buildbot" name="Palm OS (Mu)" provider-name="http://buildbot.libretro.com/" version="1.2020.18310">
  <requires>
    <import addon="game.libretro" version="1.0.0"/>
  </requires>
  <extension library_osx="mu_libretro.dylib" point="kodi.gameclient">
    <platforms>Palm OS</platforms>
    <extensions>prc|pqa|img</extensions>
    <supports_vfs>false</supports_vfs>
    <supports_standalone>true</supports_standalone>
  </extension>
  <extension point="xbmc.addon.metadata">
    <summary lang="en_GB">Palm OS (Mu)</summary>
    <description lang="en_GB">Emulator for Palm OS by guicrith / meepingsnesroms[CR]Supported files: prc|pqa|img</description>
    <license>Non-commercial</license>
    <platform>osx-x86_64</platform>
    <source>http://buildbot.libretro.com/nightly/apple/osx/x86_64/latest/mu_libretro.dylib.zip</source>
    <news>Built from libretro buildbot commit 88a33627 (2020-02-18)</news>
  </extension>
</addon>
