<?xml version='1.0' encoding='UTF-8'?>
<addon id="game.libretro.mednafen_snes_libretro_buildbot" name="Nintendo - SNES / SFC (Beetle bsnes)" provider-name="http://buildbot.libretro.com/" version="1.2019.18231">
  <requires>
    <import addon="game.libretro" version="1.0.0"/>
    <import addon="game.controller.snes"/>
  </requires>
  <extension library_linux="mednafen_snes_libretro.so" point="kodi.gameclient">
    <platforms>Super Nintendo Entertainment System</platforms>
    <extensions>smc|fig|bs|st|sfc</extensions>
    <supports_vfs>false</supports_vfs>
    <supports_standalone>false</supports_standalone>
  </extension>
  <extension point="xbmc.addon.metadata">
    <summary lang="en_GB">Nintendo - SNES / SFC (Beetle bsnes)</summary>
    <description lang="en_GB">Emulator for Super Nintendo Entertainment System by byuu|Mednafen Team[CR]Supported files: smc|fig|bs|st|sfc</description>
    <license>GPLv2</license>
    <platform>linux</platform>
    <source>http://buildbot.libretro.com/nightly/linux/x86_64/latest/mednafen_snes_libretro.so.zip</source>
    <news>Built from libretro buildbot commit d9ec940d (2019-12-01)</news>
  </extension>
</addon>
