<?xml version='1.0' encoding='UTF-8'?>
<addon id="game.libretro.smsplus_libretro_buildbot" name="Sega - MS/GG (SMS Plus GX)" provider-name="http://buildbot.libretro.com/" version="1.2020.18289">
  <requires>
    <import addon="game.libretro" version="1.0.0"/>
  </requires>
  <extension library_android="smsplus_libretro_android.so" point="kodi.gameclient">
    <platforms>Sega 8-bit</platforms>
    <extensions>sms|bin|rom|col|gg</extensions>
    <supports_vfs>true</supports_vfs>
    <supports_standalone>false</supports_standalone>
  </extension>
  <extension point="xbmc.addon.metadata">
    <summary lang="en_GB">Sega - MS/GG (SMS Plus GX)</summary>
    <description lang="en_GB">Emulator for Sega 8-bit by Charles MacDonald|gameblabla[CR]Supported files: sms|bin|rom|col|gg[CR][CR]Game Addon Notes: (!) bios.sms (md5): missing</description>
    <license>GPLv2</license>
    <platform>android-aarch64</platform>
    <source>http://buildbot.libretro.com/nightly/android/latest/arm64-v8a/smsplus_libretro_android.so.zip</source>
    <news>Built from libretro buildbot commit 7d302ca1 (2020-01-28)</news>
  </extension>
</addon>
