<?xml version='1.0' encoding='UTF-8'?>
<addon id="game.libretro.bnes_libretro_buildbot" name="Nintendo - NES / Famicom (bnes)" provider-name="http://buildbot.libretro.com/" version="f3043b19">
  <requires>
    <import addon="game.libretro" version="1.0.0"/>
    <import addon="game.controller.nes"/>
  </requires>
  <extension library_linux="bnes_libretro.so" point="kodi.gameclient">
    <platforms>Nintendo Entertainment System</platforms>
    <extensions>nes</extensions>
    <supports_vfs>true</supports_vfs>
    <supports_standalone>false</supports_standalone>
  </extension>
  <extension point="xbmc.addon.metadata">
    <summary lang="en_GB">Nintendo - NES / Famicom (bnes)</summary>
    <description lang="en_GB">Emulator for Nintendo Entertainment System by byuu|Ryphecha[CR]Supported files: nes</description>
    <license>GPLv3</license>
    <platform>all</platform>
    <source>http://buildbot.libretro.com/nightly/linux/armhf/latest/bnes_libretro.so.zip</source>
    <news>Built from libretro buildbot commit f3043b19 (2017-07-16)</news>
  </extension>
</addon>
