<?xml version='1.0' encoding='UTF-8'?>
<addon id="game.libretro.snes9x2010_libretro_buildbot" name="Nintendo - SNES / SFC (Snes9x 2010)" provider-name="http://buildbot.libretro.com/" version="1.2019.18259">
  <requires>
    <import addon="game.libretro" version="1.0.0"/>
    <import addon="game.controller.snes.mouse"/>
    <import addon="game.controller.snes"/>
    <import addon="game.controller.snes.super.scope"/>
    <import addon="game.controller.snes.multitap"/>
    <import addon="game.controller.konami.justifier.snes"/>
  </requires>
  <extension library_linux="snes9x2010_libretro.so" point="kodi.gameclient">
    <platforms>Super Nintendo Entertainment System</platforms>
    <extensions>smc|fig|sfc|gd3|gd7|dx2|bsx|swc</extensions>
    <supports_vfs>true</supports_vfs>
    <supports_standalone>false</supports_standalone>
  </extension>
  <extension point="xbmc.addon.metadata">
    <summary lang="en_GB">Nintendo - SNES / SFC (Snes9x 2010)</summary>
    <description lang="en_GB">Emulator for Super Nintendo Entertainment System by Snes9x Team|Squarepusher[CR]Supported files: smc|fig|sfc|gd3|gd7|dx2|bsx|swc</description>
    <license>Non-commercial</license>
    <platform>linux</platform>
    <source>http://buildbot.libretro.com/nightly/linux/x86_64/latest/snes9x2010_libretro.so.zip</source>
    <news>Built from libretro buildbot commit 0b07cf71 (2019-12-29)</news>
  </extension>
</addon>
