<?xml version='1.0' encoding='UTF-8'?>
<addon id="game.libretro.gearsystem_libretro_buildbot" name="Sega - MS/GG/SG-1000 (Gearsystem)" provider-name="http://buildbot.libretro.com/" version="1.2021.18674">
  <requires>
    <import addon="game.libretro" version="1.0.0"/>
  </requires>
  <extension library_osx="gearsystem_libretro.dylib" point="kodi.gameclient">
    <platforms>Sega 8-bit (MS/GG/SG-1000)</platforms>
    <extensions>sms|gg|sg|bin|rom</extensions>
    <supports_vfs>true</supports_vfs>
    <supports_standalone>false</supports_standalone>
  </extension>
  <extension point="xbmc.addon.metadata">
    <summary lang="en_GB">Sega - MS/GG/SG-1000 (Gearsystem)</summary>
    <description lang="en_GB">Emulator for Sega 8-bit (MS/GG/SG-1000) by Ignacio Sanchez[CR]Supported files: sms|gg|sg|bin|rom</description>
    <license>GPLv3</license>
    <platform>osx-x86_64</platform>
    <source>http://buildbot.libretro.com/nightly/apple/osx/x86_64/latest/gearsystem_libretro.dylib.zip</source>
    <news>Built from libretro buildbot commit 78159c45 (2021-02-16)</news>
  </extension>
</addon>
