<?xml version='1.0' encoding='UTF-8'?>
<addon id="game.libretro.px68k_libretro_buildbot" name="Sharp - X68000 (PX68k)" version="1.2021.18684" provider-name="http://buildbot.libretro.com/">
  <requires>
    <import addon="game.libretro" version="1.0.0"/>
  </requires>
  <extension point="kodi.gameclient" library_windows="px68k_libretro.dll">
    <platforms>Sharp X68000</platforms>
    <extensions>dim|zip|img|d88|88d|hdm|dup|2hd|xdf|hdf|cmd|m3u</extensions>
    <supports_vfs>false</supports_vfs>
    <supports_standalone>true</supports_standalone>
  </extension>
  <extension point="xbmc.addon.metadata">
    <summary lang="en_GB">Sharp - X68000 (PX68k)</summary>
    <description lang="en_GB">Emulator for Sharp X68000 by hissorii[CR]Supported files: dim|zip|img|d88|88d|hdm|dup|2hd|xdf|hdf|cmd|m3u[CR][CR]Game Addon Notes: [i] Place BIOS files in system/keropi folder.|[i] F12 or Retropad L2 for Emulator Menu.|[i] Define your disks path in system/keropi/config StartDir line.[CR][CR]BIOS files are required for this core to function correctly</description>
    <license/>
    <platform>windows-x86_64</platform>
    <source>http://buildbot.libretro.com/nightly/windows/x86_64/latest/px68k_libretro.dll.zip</source>
    <news>Built from libretro buildbot commit 74b67580 (2021-02-26)</news>
  </extension>
</addon>
