<?xml version='1.0' encoding='UTF-8'?>
<addon id="game.libretro.melonds_libretro_buildbot" name="Nintendo - DS (melonDS)" provider-name="http://buildbot.libretro.com/" version="1.2019.18231">
  <requires>
    <import addon="game.libretro" version="1.0.0"/>
    <import addon="game.controller.nds"/>
  </requires>
  <extension library_linux="melonds_libretro.so" point="kodi.gameclient">
    <platforms>Nintendo DS</platforms>
    <extensions>nds</extensions>
    <supports_vfs>false</supports_vfs>
    <supports_standalone>false</supports_standalone>
  </extension>
  <extension point="xbmc.addon.metadata">
    <summary lang="en_GB">Nintendo - DS (melonDS)</summary>
    <description lang="en_GB">Emulator for Nintendo DS by StapleButter[CR]Supported files: nds[CR][CR]Game Addon Notes: (!) firmware.bin (md5): 145eaef5bd3037cbc247c213bb3da1b3|(!) bios7.bin (md5): df692a80a5b1bc90728bc3dfc76cd948|(!) bios9.bin (md5): a392174eb3e572fed6447e956bde4b25[CR][CR]BIOS files are required for this core to function correctly</description>
    <license>GPLv3</license>
    <platform>all</platform>
    <source>http://buildbot.libretro.com/nightly/linux/x86_64/latest/melonds_libretro.so.zip</source>
    <news>Built from libretro buildbot commit 74752c64 (2019-12-01)</news>
  </extension>
</addon>
