<?xml version='1.0' encoding='UTF-8'?>
<addon id="game.libretro.uzem_libretro_buildbot" name="Uzebox (Uzem)" provider-name="http://buildbot.libretro.com/" version="1.2019.18231">
  <requires>
    <import addon="game.libretro" version="1.0.0"/>
  </requires>
  <extension library_linux="uzem_libretro.so" point="kodi.gameclient">
    <platforms>Uzebox</platforms>
    <extensions>uze</extensions>
    <supports_vfs>true</supports_vfs>
    <supports_standalone>false</supports_standalone>
  </extension>
  <extension point="xbmc.addon.metadata">
    <summary lang="en_GB">Uzebox (Uzem)</summary>
    <description lang="en_GB">Emulator for Uzebox[CR]Supported files: uze</description>
    <license>MIT</license>
    <platform>all</platform>
    <source>http://buildbot.libretro.com/nightly/linux/x86_64/latest/uzem_libretro.so.zip</source>
    <news>Built from libretro buildbot commit 27b7c064 (2019-12-01)</news>
  </extension>
</addon>
