<?xml version='1.0' encoding='UTF-8'?>
<addon id="game.libretro.desmume2015_libretro_buildbot" name="Nintendo - DS (DeSmuME 2015)" provider-name="http://buildbot.libretro.com/" version="1.2020.18321">
  <requires>
    <import addon="game.libretro" version="1.0.0"/>
    <import addon="game.controller.nds"/>
  </requires>
  <extension library_osx="desmume2015_libretro.dylib" point="kodi.gameclient">
    <platforms>DS</platforms>
    <extensions>nds|bin</extensions>
    <supports_vfs>false</supports_vfs>
    <supports_standalone>false</supports_standalone>
  </extension>
  <extension point="xbmc.addon.metadata">
    <summary lang="en_GB">Nintendo - DS (DeSmuME 2015)</summary>
    <description lang="en_GB">Emulator for DS by YopYop156|Zeromus[CR]Supported files: nds|bin[CR][CR]Game Addon Notes: (!) firmware.bin (md5): 145eaef5bd3037cbc247c213bb3da1b3|(!) bios7.bin (md5): df692a80a5b1bc90728bc3dfc76cd948|(!) bios9.bin (md5): a392174eb3e572fed6447e956bde4b25|[1] Enable 'Use External BIOS/Firmware' core option to use firmware files</description>
    <license>GPLv2</license>
    <platform>osx-x86_64</platform>
    <source>http://buildbot.libretro.com/nightly/apple/osx/x86_64/latest/desmume2015_libretro.dylib.zip</source>
    <news>Built from libretro buildbot commit a88fbdcd (2020-02-29)</news>
  </extension>
</addon>
