<?xml version='1.0' encoding='UTF-8'?>
<addon id="game.libretro.mednafen_pcfx_libretro_buildbot" name="NEC - PC-FX (Beetle PC-FX)" version="1.2021.18684" provider-name="http://buildbot.libretro.com/">
  <requires>
    <import addon="game.libretro" version="1.0.0"/>
    <import addon="game.controller.pcfx"/>
    <import addon="game.controller.pcfx.mouse"/>
  </requires>
  <extension point="kodi.gameclient" library_osx="mednafen_pcfx_libretro.dylib">
    <platforms>PC-FX</platforms>
    <extensions>cue|ccd|toc|chd</extensions>
    <supports_vfs>false</supports_vfs>
    <supports_standalone>false</supports_standalone>
  </extension>
  <extension point="xbmc.addon.metadata">
    <summary lang="en_GB">NEC - PC-FX (Beetle PC-FX)</summary>
    <description lang="en_GB">Emulator for PC-FX by Mednafen Team[CR]Supported files: cue|ccd|toc|chd[CR][CR]Game Addon Notes: (!) pcfx.rom (md5): 08e36edbea28a017f79f8d4f7ff9b6d7[CR][CR]BIOS files are required for this core to function correctly</description>
    <license>GPLv2</license>
    <platform>osx-x86_64</platform>
    <source>http://buildbot.libretro.com/nightly/apple/osx/x86_64/latest/mednafen_pcfx_libretro.dylib.zip</source>
    <news>Built from libretro buildbot commit 2895b85e (2021-02-26)</news>
  </extension>
</addon>
