<?xml version='1.0' encoding='UTF-8'?>
<addon id="game.libretro.citra_canary_libretro_buildbot" name="Nintendo - 3DS (Citra Canary/Experimental)" provider-name="http://buildbot.libretro.com/" version="1.2018.17593">
  <requires>
    <import addon="game.libretro" version="1.0.0"/>
  </requires>
  <extension library_osx="citra_canary_libretro.dylib" point="kodi.gameclient">
    <platforms>Nintendo 3DS</platforms>
    <extensions>3ds|3dsx|elf|axf|cci|cxi|app</extensions>
    <supports_vfs>false</supports_vfs>
    <supports_standalone>false</supports_standalone>
  </extension>
  <extension point="xbmc.addon.metadata">
    <summary lang="en_GB">Nintendo - 3DS (Citra Canary/Experimental)</summary>
    <description lang="en_GB">Emulator for Nintendo 3DS by Citra Emulation Project[CR]Supported files: 3ds|3dsx|elf|axf|cci|cxi|app</description>
    <license>GPLv2+</license>
    <platform>osx-x86_64</platform>
    <source>http://buildbot.libretro.com/nightly/apple/osx/x86_64/latest/citra_canary_libretro.dylib.zip</source>
    <news>Built from libretro buildbot commit 61aa3a96 (2018-03-03)</news>
  </extension>
</addon>
