<?xml version='1.0' encoding='UTF-8'?>
<addon id="game.libretro.vitavoyager_libretro_buildbot" name="Star Trek: Voyager - Elite Force (vitaVoyager)" provider-name="http://buildbot.libretro.com/" version="1.2020.18265">
  <requires>
    <import addon="game.libretro" version="1.0.0"/>
  </requires>
  <extension library_windows="vitavoyager_libretro.dll" point="kodi.gameclient">
    <platforms>Quake 3 Game Engine</platforms>
    <extensions>pak</extensions>
    <supports_vfs>false</supports_vfs>
    <supports_standalone>false</supports_standalone>
  </extension>
  <extension point="xbmc.addon.metadata">
    <summary lang="en_GB">Star Trek: Voyager - Elite Force (vitaVoyager)</summary>
    <description lang="en_GB">Game for Quake 3 Game Engine by Rinnegatamante[CR]Supported files: pak</description>
    <license>GPLv2</license>
    <platform>windows-x86_64</platform>
    <source>http://buildbot.libretro.com/nightly/windows/x86_64/latest/vitavoyager_libretro.dll.zip</source>
    <news>Built from libretro buildbot commit c5354c8f (2020-01-04)</news>
  </extension>
</addon>
