<?xml version='1.0' encoding='UTF-8'?>
<addon id="game.libretro.race_libretro_buildbot" name="SNK - Neo Geo Pocket / Color (RACE)" provider-name="http://buildbot.libretro.com/" version="1.2021.18674">
  <requires>
    <import addon="game.libretro" version="1.0.0"/>
  </requires>
  <extension library_linux="race_libretro.so" point="kodi.gameclient">
    <platforms>Neo Geo Pocket (Color)</platforms>
    <extensions>ngp|ngc|ngpc|npc</extensions>
    <supports_vfs>true</supports_vfs>
    <supports_standalone>false</supports_standalone>
  </extension>
  <extension point="xbmc.addon.metadata">
    <summary lang="en_GB">SNK - Neo Geo Pocket / Color (RACE)</summary>
    <description lang="en_GB">Emulator for Neo Geo Pocket (Color) by Judge_|Flavor|Akop Karapetyan|theelf|frangarcj|negativeExponent[CR]Supported files: ngp|ngc|ngpc|npc</description>
    <license>GPLv2</license>
    <platform>all</platform>
    <source>http://buildbot.libretro.com/nightly/linux/x86_64/latest/race_libretro.so.zip</source>
    <news>Built from libretro buildbot commit beaa9c3b (2021-02-16)</news>
  </extension>
</addon>
