<?xml version='1.0' encoding='UTF-8'?>
<addon id="game.libretro.bsnes_mercury_accuracy_libretro_buildbot" name="Nintendo - SNES / SFC (bsnes-mercury Accuracy)" provider-name="http://buildbot.libretro.com/" version="1.2019.18232">
  <requires>
    <import addon="game.libretro" version="1.0.0"/>
    <import addon="game.controller.snes.mouse"/>
    <import addon="game.controller.snes"/>
    <import addon="game.controller.konami.justifier.player2"/>
    <import addon="game.controller.snes.super.scope"/>
    <import addon="game.controller.konami.justifier.snes"/>
  </requires>
  <extension library_osx="bsnes_mercury_accuracy_libretro.dylib" point="kodi.gameclient">
    <platforms>Super Nintendo Entertainment System</platforms>
    <extensions>sfc|smc|bml</extensions>
    <supports_vfs>true</supports_vfs>
    <supports_standalone>false</supports_standalone>
  </extension>
  <extension point="xbmc.addon.metadata">
    <summary lang="en_GB">Nintendo - SNES / SFC (bsnes-mercury Accuracy)</summary>
    <description lang="en_GB">Emulator for Super Nintendo Entertainment System by byuu|Alcaro[CR]Supported files: sfc|smc|bml[CR][CR]Game Addon Notes: [1] bsnes-mercury Accuracy uses split ROMS for special chip games.|[*] Notable DSP1/DSP1B Games: Super Mario Kart,  Pilotwings|[*] Notable DSP2 Games: Dungeon Master|[*] Notable DSP3 Games: SD Gundam GX|[*] Notable DSP4 Games: Top Gear 3000|[*] Notable Cx4 Games: Mega Man X2,  Mega Man X3|[2] SGB Emulation will only work with command line.</description>
    <license>GPLv3</license>
    <platform>osx-x86_64</platform>
    <source>http://buildbot.libretro.com/nightly/apple/osx/x86_64/latest/bsnes_mercury_accuracy_libretro.dylib.zip</source>
    <news>Built from libretro buildbot commit 7db96868 (2019-12-02)</news>
  </extension>
</addon>
