<?xml version='1.0' encoding='UTF-8'?>
<addon id="game.libretro.dolphin_libretro_buildbot" name="Nintendo - GameCube / Wii (Dolphin)" provider-name="http://buildbot.libretro.com/" version="1.2019.18212">
  <requires>
    <import addon="game.libretro" version="1.0.0"/>
  </requires>
  <extension library_windows="dolphin_libretro.dll" point="kodi.gameclient">
    <platforms>GameCube / Wii</platforms>
    <extensions>gcm|iso|wbfs|ciso|gcz|elf|dol|dff|tgc|wad</extensions>
    <supports_vfs>false</supports_vfs>
    <supports_standalone>false</supports_standalone>
  </extension>
  <extension point="xbmc.addon.metadata">
    <summary lang="en_GB">Nintendo - GameCube / Wii (Dolphin)</summary>
    <description lang="en_GB">Emulator for GameCube / Wii by Team Dolphin[CR]Supported files: gcm|iso|wbfs|ciso|gcz|elf|dol|dff|tgc|wad[CR][CR]Game Addon Notes: (!) You need to have Dolphin Sys folder in system/dolphin-emu/Sys.|(!) See: https://docs.libretro.com/library/dolphin/#setup</description>
    <license>GPLv2+</license>
    <platform>windows-x86_64</platform>
    <source>http://buildbot.libretro.com/nightly/windows/x86_64/latest/dolphin_libretro.dll.zip</source>
    <news>Built from libretro buildbot commit 123d70a0 (2019-11-12)</news>
  </extension>
</addon>
