<?xml version='1.0' encoding='UTF-8'?>
<addon id="game.libretro.np2kai_libretro_buildbot" name="NEC - PC-98 (Neko Project II Kai)" version="1.2021.18683" provider-name="http://buildbot.libretro.com/">
  <requires>
    <import addon="game.libretro" version="1.0.0"/>
  </requires>
  <extension point="kodi.gameclient" library_osx="np2kai_libretro.dylib">
    <platforms>PC-98</platforms>
    <extensions>d98|zip|98d|fdi|fdd|2hd|tfd|d88|88d|hdm|xdf|dup|cmd|hdi|thd|nhd|hdd|hdn</extensions>
    <supports_vfs>false</supports_vfs>
    <supports_standalone>true</supports_standalone>
  </extension>
  <extension point="xbmc.addon.metadata">
    <summary lang="en_GB">NEC - PC-98 (Neko Project II Kai)</summary>
    <description lang="en_GB">Emulator for PC-98 by Neko Project II Team, Tomohiro Yoshidomi[CR]Supported files: d98|zip|98d|fdi|fdd|2hd|tfd|d88|88d|hdm|xdf|dup|cmd|hdi|thd|nhd|hdd|hdn[CR][CR]Game Addon Notes: YM2608 RYTHM samples present in the np2kai folder will be used:|2608_bd.wav, 2608_sd.wav, 2608_top.wav, 2608_hh.wav, 2608_tom.wav, 2608_rim.wav|JOY2KEY buttons mapping: A=x B=z X=space Y=lctrl|L=backspace R=rshift SELECT=escape START=return|Keep 'end' key down when booting for machine options.|Many games need GDC set as 2.5Mhz there.</description>
    <license>MIT</license>
    <platform>osx-x86_64</platform>
    <source>http://buildbot.libretro.com/nightly/apple/osx/x86_64/latest/np2kai_libretro.dylib.zip</source>
    <news>Built from libretro buildbot commit 9ed7536b (2021-02-25)</news>
  </extension>
</addon>
