<?xml version='1.0' encoding='UTF-8'?>
<addon id="game.libretro.daphne_libretro_buildbot" name="Arcade (Daphne)" provider-name="http://buildbot.libretro.com/" version="1.2020.18263">
  <requires>
    <import addon="game.libretro" version="1.0.0"/>
  </requires>
  <extension library_android="daphne_libretro_android.so" point="kodi.gameclient">
    <platforms>Arcade (various)</platforms>
    <extensions>zip</extensions>
    <supports_vfs>false</supports_vfs>
    <supports_standalone>false</supports_standalone>
  </extension>
  <extension point="xbmc.addon.metadata">
    <summary lang="en_GB">Arcade (Daphne)</summary>
    <description lang="en_GB">Emulator for Arcade (various) by Matt Ownby[CR]Supported files: zip</description>
    <license>GPLv2+</license>
    <platform>android-armv7</platform>
    <source>http://buildbot.libretro.com/nightly/android/latest/armeabi-v7a/daphne_libretro_android.so.zip</source>
    <news>Built from libretro buildbot commit 683fc5e1 (2020-01-02)</news>
  </extension>
</addon>
