<?xml version='1.0' encoding='UTF-8'?>
<addon id="game.libretro.mgba_libretro_buildbot" name="Nintendo - Game Boy Advance (mGBA)" provider-name="http://buildbot.libretro.com/" version="1.2020.18300">
  <requires>
    <import addon="game.libretro" version="1.0.0"/>
    <import addon="game.controller.gba"/>
  </requires>
  <extension library_android="mgba_libretro_android.so" point="kodi.gameclient">
    <platforms>Game Boy/Game Boy Color/Game Boy Advance</platforms>
    <extensions>gb|gbc|gba</extensions>
    <supports_vfs>true</supports_vfs>
    <supports_standalone>false</supports_standalone>
  </extension>
  <extension point="xbmc.addon.metadata">
    <summary lang="en_GB">Nintendo - Game Boy Advance (mGBA)</summary>
    <description lang="en_GB">Emulator for Game Boy/Game Boy Color/Game Boy Advance by endrift[CR]Supported files: gb|gbc|gba[CR][CR]Game Addon Notes: (!) gba_bios.bin (md5): a860e8c0b6d573d191e4ec7db1b1e4f6|(!) gb_bios.bin (md5): 32fbbd84168d3482956eb3c5051637f5|(!) gbc_bios.bin (md5): dbfce9db9deaa2567f6a84fde55f9680</description>
    <license>MPLv2.0</license>
    <platform>android-armv7</platform>
    <source>http://buildbot.libretro.com/nightly/android/latest/armeabi-v7a/mgba_libretro_android.so.zip</source>
    <news>Built from libretro buildbot commit 6df5e860 (2020-02-08)</news>
  </extension>
</addon>
