<?xml version='1.0' encoding='UTF-8'?>
<addon id="game.libretro.boom3_xp_libretro_buildbot" name="Doom 3: Resurrection of Evil (boom 3 xp)" provider-name="http://buildbot.libretro.com/" version="1.2020.18283">
  <requires>
    <import addon="game.libretro" version="1.0.0"/>
  </requires>
  <extension library_linux="boom3_xp_libretro.so" point="kodi.gameclient">
    <platforms>Doom 3 XP Game Engine</platforms>
    <extensions>pk4</extensions>
    <supports_vfs>false</supports_vfs>
    <supports_standalone>false</supports_standalone>
  </extension>
  <extension point="xbmc.addon.metadata">
    <summary lang="en_GB">Doom 3: Resurrection of Evil (boom 3 xp)</summary>
    <description lang="en_GB">Game engine for Doom 3 XP Game Engine by Rinnegatamante and dhewm 3 team[CR]Supported files: pk4</description>
    <license>GPLv2</license>
    <platform>all</platform>
    <source>http://buildbot.libretro.com/nightly/linux/x86_64/latest/boom3_xp_libretro.so.zip</source>
    <news>Built from libretro buildbot commit 6b55d5e8 (2020-01-22)</news>
  </extension>
</addon>
