<?xml version='1.0' encoding='UTF-8'?>
<addon id="game.libretro.fbalpha2012_cps2_libretro_buildbot" name="Arcade (FB Alpha 2012 CPS-2)" provider-name="http://buildbot.libretro.com/" version="1.2020.18267">
  <requires>
    <import addon="game.libretro" version="1.0.0"/>
    <import addon="game.controller.default"/>
  </requires>
  <extension library_android="fbalpha2012_cps2_libretro_android.so" point="kodi.gameclient">
    <platforms>CP System II</platforms>
    <extensions>zip</extensions>
    <supports_vfs>false</supports_vfs>
    <supports_standalone>false</supports_standalone>
  </extension>
  <extension point="xbmc.addon.metadata">
    <summary lang="en_GB">Arcade (FB Alpha 2012 CPS-2)</summary>
    <description lang="en_GB">Emulator for CP System II by Team FB Alpha[CR]Supported files: zip[CR][CR]Game Addon Notes: (!) The BIOS files must be inside the ROM directory.</description>
    <license>Non-commercial</license>
    <platform>android-aarch64</platform>
    <source>http://buildbot.libretro.com/nightly/android/latest/arm64-v8a/fbalpha2012_cps2_libretro_android.so.zip</source>
    <news>Built from libretro buildbot commit 1e5a51e0 (2020-01-06)</news>
  </extension>
</addon>
