<?xml version='1.0' encoding='UTF-8'?>
<addon id="game.libretro.theodore_libretro_buildbot" name="Thomson - MO/TO (Theodore)" provider-name="http://buildbot.libretro.com/" version="1.2020.18294">
  <requires>
    <import addon="game.libretro" version="1.0.0"/>
  </requires>
  <extension library_linux="theodore_libretro.so" point="kodi.gameclient">
    <platforms>Thomson MO/TO</platforms>
    <extensions>fd|sap|k7|m7|m5|rom</extensions>
    <supports_vfs>false</supports_vfs>
    <supports_standalone>true</supports_standalone>
  </extension>
  <extension point="xbmc.addon.metadata">
    <summary lang="en_GB">Thomson - MO/TO (Theodore)</summary>
    <description lang="en_GB">Emulator for Thomson MO/TO by T. Lorblanches[CR]Supported files: fd|sap|k7|m7|m5|rom</description>
    <license>GPLv3</license>
    <platform>all</platform>
    <source>http://buildbot.libretro.com/nightly/linux/armhf/latest/theodore_libretro.so.zip</source>
    <news>Built from libretro buildbot commit 62de35c7 (2020-02-02)</news>
  </extension>
</addon>
