<?xml version='1.0' encoding='UTF-8'?>
<addon id="game.libretro.snes9x2005_plus_libretro_buildbot" name="Nintendo - SNES / SFC (Snes9x 2005 Plus)" provider-name="http://buildbot.libretro.com/" version="1.2020.18562">
  <requires>
    <import addon="game.libretro" version="1.0.0"/>
  </requires>
  <extension library_linux="snes9x2005_plus_libretro.so" point="kodi.gameclient">
    <platforms>Super Nintendo Entertainment System</platforms>
    <extensions>smc|fig|sfc|gd3|gd7|dx2|bsx|swc</extensions>
    <supports_vfs>true</supports_vfs>
    <supports_standalone>false</supports_standalone>
  </extension>
  <extension point="xbmc.addon.metadata">
    <summary lang="en_GB">Nintendo - SNES / SFC (Snes9x 2005 Plus)</summary>
    <description lang="en_GB">Emulator for Super Nintendo Entertainment System by Snes9x Team|dking|BassAceGold|ShadauxCat|Nebuleon[CR]Supported files: smc|fig|sfc|gd3|gd7|dx2|bsx|swc</description>
    <license>Non-commercial</license>
    <platform>all</platform>
    <source>http://buildbot.libretro.com/nightly/linux/armhf/latest/snes9x2005_plus_libretro.so.zip</source>
    <news>Built from libretro buildbot commit b35fb63a (2020-10-27)</news>
  </extension>
</addon>
