<?xml version='1.0' encoding='UTF-8'?>
<addon id="game.libretro.vice_xcbm2_libretro_buildbot" name="Commodore - CBM-II (VICE xcbm2)" provider-name="http://buildbot.libretro.com/" version="1.2020.18363">
  <requires>
    <import addon="game.libretro" version="1.0.0"/>
  </requires>
  <extension library_linux="vice_xcbm2_libretro.so" point="kodi.gameclient">
    <platforms>CBM2</platforms>
    <extensions>d64|d71|d80|d81|d82|g64|g41|x64|t64|tap|prg|p00|crt|bin|zip|gz|d6z|d7z|d8z|g6z|g4z|x6z|cmd|m3u|vsf</extensions>
    <supports_vfs>false</supports_vfs>
    <supports_standalone>true</supports_standalone>
  </extension>
  <extension point="xbmc.addon.metadata">
    <summary lang="en_GB">Commodore - CBM-II (VICE xcbm2)</summary>
    <description lang="en_GB">Emulator for CBM2 by VICE Core Team Members[CR]Supported files: d64|d71|d80|d81|d82|g64|g41|x64|t64|tap|prg|p00|crt|bin|zip|gz|d6z|d7z|d8z|g6z|g4z|x6z|cmd|m3u|vsf</description>
    <license>GPLv2</license>
    <platform>all</platform>
    <source>http://buildbot.libretro.com/nightly/linux/armhf/latest/vice_xcbm2_libretro.so.zip</source>
    <news>Built from libretro buildbot commit abdc59bc (2020-04-11)</news>
  </extension>
</addon>
