<?xml version='1.0' encoding='UTF-8'?>
<addon id="game.libretro.fbalpha2012_cps1_libretro_buildbot" name="Arcade (FB Alpha 2012 CPS-1)" version="1.2021.18684" provider-name="http://buildbot.libretro.com/">
  <requires>
    <import addon="game.libretro" version="1.0.0"/>
    <import addon="game.controller.default"/>
  </requires>
  <extension point="kodi.gameclient" library_android="fbalpha2012_cps1_libretro_android.so">
    <platforms>CP System I</platforms>
    <extensions>zip</extensions>
    <supports_vfs>false</supports_vfs>
    <supports_standalone>false</supports_standalone>
  </extension>
  <extension point="xbmc.addon.metadata">
    <summary lang="en_GB">Arcade (FB Alpha 2012 CPS-1)</summary>
    <description lang="en_GB">Emulator for CP System I by Team FB Alpha[CR]Supported files: zip[CR][CR]Game Addon Notes: (!) The BIOS files must be inside the ROM directory.</description>
    <license>Non-commercial</license>
    <platform>android-aarch64</platform>
    <source>http://buildbot.libretro.com/nightly/android/latest/arm64-v8a/fbalpha2012_cps1_libretro_android.so.zip</source>
    <news>Built from libretro buildbot commit 6a2240a3 (2021-02-26)</news>
  </extension>
</addon>
