<?xml version='1.0' encoding='UTF-8'?>
<addon id="game.libretro.parallel_n64_libretro_buildbot" name="Nintendo - Nintendo 64 (ParaLLEl N64)" provider-name="http://buildbot.libretro.com/" version="1.2020.18323">
  <requires>
    <import addon="game.libretro" version="1.0.0"/>
    <import addon="game.controller.n64"/>
  </requires>
  <extension library_linux="parallel_n64_libretro.so" point="kodi.gameclient">
    <platforms>Nintendo 64</platforms>
    <extensions>n64|v64|z64|bin|u1|ndd</extensions>
    <supports_vfs>true</supports_vfs>
    <supports_standalone>false</supports_standalone>
  </extension>
  <extension point="xbmc.addon.metadata">
    <summary lang="en_GB">Nintendo - Nintendo 64 (ParaLLEl N64)</summary>
    <description lang="en_GB">Emulator for Nintendo 64 by Hacktarux|Mupen64Plus Team|TinyTiger|Libretro[CR]Supported files: n64|v64|z64|bin|u1|ndd[CR][CR]Game Addon Notes: (!) 64DD_IPL.bin (md5): 8d3d9f294b6e174bc7b1d2fd1c727530</description>
    <license>GPLv2</license>
    <platform>linux</platform>
    <source>http://buildbot.libretro.com/nightly/linux/x86_64/latest/parallel_n64_libretro.so.zip</source>
    <news>Built from libretro buildbot commit 3b5f23e4 (2020-03-02)</news>
  </extension>
</addon>
