<?xml version='1.0' encoding='UTF-8'?>
<addon id="game.libretro.emux_sms_libretro_buildbot" name="Sega - Master System (Emux SMS)" provider-name="http://buildbot.libretro.com/" version="1.2019.18231">
  <requires>
    <import addon="game.libretro" version="1.0.0"/>
  </requires>
  <extension library_linux="emux_sms_libretro.so" point="kodi.gameclient">
    <platforms>Sega Master System</platforms>
    <extensions>sms|bin|rom</extensions>
    <supports_vfs>false</supports_vfs>
    <supports_standalone>false</supports_standalone>
  </extension>
  <extension point="xbmc.addon.metadata">
    <summary lang="en_GB">Sega - Master System (Emux SMS)</summary>
    <description lang="en_GB">Emulator for Sega Master System by Sebastien Ronsse[CR]Supported files: sms|bin|rom[CR][CR]Game Addon Notes: (!) bios.sms (md5): missing[CR][CR]BIOS files are required for this core to function correctly</description>
    <license>GPLv2</license>
    <platform>linux</platform>
    <source>http://buildbot.libretro.com/nightly/linux/x86_64/latest/emux_sms_libretro.so.zip</source>
    <news>Built from libretro buildbot commit d805dfd0 (2019-12-01)</news>
  </extension>
</addon>
