<?xml version='1.0' encoding='UTF-8'?>
<addon id="game.libretro.yabause_libretro_buildbot" name="Sega - Saturn (Yabause)" provider-name="http://buildbot.libretro.com/" version="1.2019.18138">
  <requires>
    <import addon="game.libretro" version="1.0.0"/>
    <import addon="game.controller.saturn.3d"/>
    <import addon="game.controller.saturn"/>
  </requires>
  <extension library_linux="yabause_libretro.so" point="kodi.gameclient">
    <platforms>Saturn</platforms>
    <extensions>cue|iso|mds|ccd|zip|chd</extensions>
    <supports_vfs>false</supports_vfs>
    <supports_standalone>false</supports_standalone>
  </extension>
  <extension point="xbmc.addon.metadata">
    <summary lang="en_GB">Sega - Saturn (Yabause)</summary>
    <description lang="en_GB">Emulator for Saturn by Guillaume Duhammel|Theo Berkau|Anders Montonen[CR]Supported files: cue|iso|mds|ccd|zip|chd[CR][CR]Game Addon Notes: (!) saturn_bios.bin (md5): af5828fdff51384f99b3c4926be27762</description>
    <license>GPLv2</license>
    <platform>all</platform>
    <source>http://buildbot.libretro.com/nightly/linux/armhf/latest/yabause_libretro.so.zip</source>
    <news>Built from libretro buildbot commit 4b4d40ca (2019-08-30)</news>
  </extension>
</addon>
