<?xml version='1.0' encoding='UTF-8'?>
<addon id="game.libretro.opera_libretro_buildbot" name="The 3DO Company - 3DO (Opera)" provider-name="http://buildbot.libretro.com/" version="1.2020.18311">
  <requires>
    <import addon="game.libretro" version="1.0.0"/>
  </requires>
  <extension library_windows="opera_libretro.dll" point="kodi.gameclient">
    <platforms>3DO</platforms>
    <extensions>iso|bin|chd|cue</extensions>
    <supports_vfs>false</supports_vfs>
    <supports_standalone>true</supports_standalone>
  </extension>
  <extension point="xbmc.addon.metadata">
    <summary lang="en_GB">The 3DO Company - 3DO (Opera)</summary>
    <description lang="en_GB">Emulator for 3DO by trapexit|JohnnyDude|FreeDO team[CR]Supported files: iso|bin|chd|cue[CR][CR]Game Addon Notes: (!) panafz1j-kanji.bin (md5): c23fb5d5e6bb1c240d02cf968972be37</description>
    <license>LGPL/Non-commercial</license>
    <platform>windows-x86_64</platform>
    <source>http://buildbot.libretro.com/nightly/windows/x86_64/latest/opera_libretro.dll.zip</source>
    <news>Built from libretro buildbot commit 3c0a68b8 (2020-02-19)</news>
  </extension>
</addon>
