<?xml version='1.0' encoding='UTF-8'?>
<addon id="game.libretro.xrick_libretro_buildbot" name="Rick Dangerous (XRick)" provider-name="http://buildbot.libretro.com/" version="1.2020.18300">
  <requires>
    <import addon="game.libretro" version="1.0.0"/>
  </requires>
  <extension library_android="xrick_libretro_android.so" point="kodi.gameclient">
    <platforms>Rick Dangerous Game Engine</platforms>
    <extensions>zip</extensions>
    <supports_vfs>false</supports_vfs>
    <supports_standalone>true</supports_standalone>
  </extension>
  <extension point="xbmc.addon.metadata">
    <summary lang="en_GB">Rick Dangerous (XRick)</summary>
    <description lang="en_GB">Game for Rick Dangerous Game Engine by [CR]Supported files: zip[CR][CR]Game Addon Notes: (!) XRick requires data ROM 'data.zip'.|(!) Load Content 'data.zip'</description>
    <license>GPLv3</license>
    <platform>android-armv7</platform>
    <source>http://buildbot.libretro.com/nightly/android/latest/armeabi-v7a/xrick_libretro_android.so.zip</source>
    <news>Built from libretro buildbot commit cf3583d9 (2020-02-08)</news>
  </extension>
</addon>
