<?xml version='1.0' encoding='UTF-8'?>
<addon id="game.libretro.atari800_libretro_buildbot" name="Atari - 5200 (Atari800)" provider-name="http://buildbot.libretro.com/" version="1.2021.18674">
  <requires>
    <import addon="game.libretro" version="1.0.0"/>
    <import addon="game.controller.atari.2600"/>
  </requires>
  <extension library_android="atari800_libretro_android.so" point="kodi.gameclient">
    <platforms>Atari 5200</platforms>
    <extensions>xfd|atr|cdm|cas|bin|a52|zip|atx|car|com|xex</extensions>
    <supports_vfs>true</supports_vfs>
    <supports_standalone>false</supports_standalone>
  </extension>
  <extension point="xbmc.addon.metadata">
    <summary lang="en_GB">Atari - 5200 (Atari800)</summary>
    <description lang="en_GB">Emulator for Atari 5200 by Petr Stehlik[CR]Supported files: xfd|atr|cdm|cas|bin|a52|zip|atx|car|com|xex[CR][CR]Game Addon Notes: (!) 5200.rom (md5): 281f20ea4320404ec820fb7ec0693b38[CR][CR]BIOS files are required for this core to function correctly</description>
    <license>GPLv2</license>
    <platform>android-aarch64</platform>
    <source>http://buildbot.libretro.com/nightly/android/latest/arm64-v8a/atari800_libretro_android.so.zip</source>
    <news>Built from libretro buildbot commit 2413749e (2021-02-16)</news>
  </extension>
</addon>
