<?xml version='1.0' encoding='UTF-8'?>
<addon id="game.libretro.mednafen_ngp_libretro_buildbot" name="SNK - Neo Geo Pocket / Color (Beetle NeoPop)" provider-name="http://buildbot.libretro.com/" version="1.2021.18681">
  <requires>
    <import addon="game.libretro" version="1.0.0"/>
    <import addon="game.controller.ngp"/>
  </requires>
  <extension library_windows="mednafen_ngp_libretro.dll" point="kodi.gameclient">
    <platforms>Neo Geo Pocket (Color)</platforms>
    <extensions>ngp|ngc|ngpc|npc</extensions>
    <supports_vfs>true</supports_vfs>
    <supports_standalone>false</supports_standalone>
  </extension>
  <extension point="xbmc.addon.metadata">
    <summary lang="en_GB">SNK - Neo Geo Pocket / Color (Beetle NeoPop)</summary>
    <description lang="en_GB">Emulator for Neo Geo Pocket (Color) by neopop_uk|Mednafen Team[CR]Supported files: ngp|ngc|ngpc|npc</description>
    <license>GPLv2</license>
    <platform>windows-x86_64</platform>
    <source>http://buildbot.libretro.com/nightly/windows/x86_64/latest/mednafen_ngp_libretro.dll.zip</source>
    <news>Built from libretro buildbot commit f5ed1629 (2021-02-23)</news>
  </extension>
</addon>
