<?xml version='1.0' encoding='UTF-8'?>
<addon id="game.libretro.dosbox_libretro_buildbot" name="DOS (DOSBox)" provider-name="http://buildbot.libretro.com/" version="b1d54060">
  <requires>
    <import addon="game.libretro" version="1.0.0"/>
    <import addon="game.controller.mouse"/>
    <import addon="game.controller.joystick.2button"/>
    <import addon="game.controller.gravis.gamepad"/>
    <import addon="game.controller.joystick.4button"/>
    <import addon="game.controller.keyboard"/>
  </requires>
  <extension library_linux="dosbox_libretro.so" point="kodi.gameclient">
    <platforms>DOS</platforms>
    <extensions>exe|com|bat|conf</extensions>
    <supports_vfs>false</supports_vfs>
    <supports_standalone>true</supports_standalone>
  </extension>
  <extension point="xbmc.addon.metadata">
    <summary lang="en_GB">DOS (DOSBox)</summary>
    <description lang="en_GB">Emulator for DOS by DOSBox Team[CR]Supported files: exe|com|bat|conf</description>
    <license>GPLv2</license>
    <platform>all</platform>
    <source>http://buildbot.libretro.com/nightly/linux/armhf/latest/dosbox_libretro.so.zip</source>
    <news>Built from libretro buildbot commit b1d54060 (2019-09-07)</news>
  </extension>
</addon>
