<?xml version='1.0' encoding='UTF-8'?>
<addon id="game.libretro.play_libretro_buildbot" name="Sony - PlayStation 2 (Play!)" provider-name="http://buildbot.libretro.com/" version="1.2020.18309">
  <requires>
    <import addon="game.libretro" version="1.0.0"/>
  </requires>
  <extension library_windows="play_libretro.dll" point="kodi.gameclient">
    <platforms>Sony PlayStation 2</platforms>
    <extensions>iso|isz|cso|bin|elf</extensions>
    <supports_vfs>false</supports_vfs>
    <supports_standalone>false</supports_standalone>
  </extension>
  <extension point="xbmc.addon.metadata">
    <summary lang="en_GB">Sony - PlayStation 2 (Play!)</summary>
    <description lang="en_GB">Emulator for Sony PlayStation 2 by Jean-Philip Desjardins[CR]Supported files: iso|isz|cso|bin|elf</description>
    <license>MIT</license>
    <platform>windows-x86_64</platform>
    <source>http://buildbot.libretro.com/nightly/windows/x86_64/latest/play_libretro.dll.zip</source>
    <news>Built from libretro buildbot commit c655d4b3 (2020-02-17)</news>
  </extension>
</addon>
