<?xml version='1.0' encoding='UTF-8'?>
<addon id="game.libretro.mesen-s_libretro_buildbot" name="Nintendo - SNES / SFC / Game Boy / Color (Mesen-S)" version="1.2021.18684" provider-name="http://buildbot.libretro.com/">
  <requires>
    <import addon="game.libretro" version="1.0.0"/>
  </requires>
  <extension point="kodi.gameclient" library_windows="mesen-s_libretro.dll">
    <platforms>Super Nintendo Entertainment System / Game Boy / Game Boy Color</platforms>
    <extensions>sfc|smc|fig|swc|bs|gb|gbc</extensions>
    <supports_vfs>true</supports_vfs>
    <supports_standalone>false</supports_standalone>
  </extension>
  <extension point="xbmc.addon.metadata">
    <summary lang="en_GB">Nintendo - SNES / SFC / Game Boy / Color (Mesen-S)</summary>
    <description lang="en_GB">Emulator for Super Nintendo Entertainment System / Game Boy / Game Boy Color by M. Bibaud (aka Sour)[CR]Supported files: sfc|smc|fig|swc|bs|gb|gbc</description>
    <license>GPLv3</license>
    <platform>windows-x86_64</platform>
    <source>http://buildbot.libretro.com/nightly/windows/x86_64/latest/mesen-s_libretro.dll.zip</source>
    <news>Built from libretro buildbot commit 8b0a1b5b (2021-02-26)</news>
  </extension>
</addon>
