<?xml version='1.0' encoding='UTF-8'?>
<addon id="game.libretro.dosbox_svn_libretro_buildbot" name="DOS (DOSBox-SVN)" provider-name="http://buildbot.libretro.com/" version="1.2020.18313">
  <requires>
    <import addon="game.libretro" version="1.0.0"/>
    <import addon="game.controller.gravis.gamepad"/>
    <import addon="game.controller.mouse"/>
    <import addon="game.controller.joystick.2button"/>
    <import addon="game.controller.keyboard"/>
    <import addon="game.controller.joystick.4button"/>
  </requires>
  <extension library_osx="dosbox_svn_libretro.dylib" point="kodi.gameclient">
    <platforms>DOS</platforms>
    <extensions>exe|com|bat|conf|cue|iso</extensions>
    <supports_vfs>false</supports_vfs>
    <supports_standalone>true</supports_standalone>
  </extension>
  <extension point="xbmc.addon.metadata">
    <summary lang="en_GB">DOS (DOSBox-SVN)</summary>
    <description lang="en_GB">Emulator for DOS by DOSBox Team|radius[CR]Supported files: exe|com|bat|conf|cue|iso[CR][CR]Game Addon Notes: (!) This core requires libsdl1.2 and libsdl-net1.2.|</description>
    <license>GPLv2</license>
    <platform>osx-x86_64</platform>
    <source>http://buildbot.libretro.com/nightly/apple/osx/x86_64/latest/dosbox_svn_libretro.dylib.zip</source>
    <news>Built from libretro buildbot commit de4468dc (2020-02-21)</news>
  </extension>
</addon>
