<?xml version='1.0' encoding='UTF-8'?>
<addon id="game.libretro.cannonball_libretro_buildbot" name="Cannonball" provider-name="http://buildbot.libretro.com/" version="1.2020.18558">
  <requires>
    <import addon="game.libretro" version="1.0.0"/>
    <import addon="game.controller.default"/>
  </requires>
  <extension library_linux="cannonball_libretro.so" point="kodi.gameclient">
    <platforms>Outrun Game Engine</platforms>
    <extensions>game|88</extensions>
    <supports_vfs>true</supports_vfs>
    <supports_standalone>false</supports_standalone>
  </extension>
  <extension point="xbmc.addon.metadata">
    <summary lang="en_GB">Cannonball</summary>
    <description lang="en_GB">Game engine for Outrun Game Engine by Chris White[CR]Supported files: game|88[CR][CR]Game Addon Notes: (!) You need to have a dummy file with the extension .game inside your MAME rom outrun folder.</description>
    <license>Non-commercial</license>
    <platform>all</platform>
    <source>http://buildbot.libretro.com/nightly/linux/armhf/latest/cannonball_libretro.so.zip</source>
    <news>Built from libretro buildbot commit f1dc3d22 (2020-10-23)</news>
  </extension>
</addon>
