<?xml version='1.0' encoding='UTF-8'?>
<addon id="game.libretro.pcsx_rearmed_libretro_buildbot" name="Sony - PlayStation (PCSX ReARMed)" provider-name="http://buildbot.libretro.com/" version="1.2020.18580">
  <requires>
    <import addon="game.libretro" version="1.0.0"/>
    <import addon="game.controller.ps.dualanalog"/>
    <import addon="game.controller.ps.gamepad"/>
    <import addon="game.controller.ps.dualshock"/>
  </requires>
  <extension library_linux="pcsx_rearmed_libretro.so" point="kodi.gameclient">
    <platforms>PlayStation</platforms>
    <extensions>bin|cue|img|mdf|pbp|toc|cbn|m3u|ccd|chd</extensions>
    <supports_vfs>true</supports_vfs>
    <supports_standalone>false</supports_standalone>
  </extension>
  <extension point="xbmc.addon.metadata">
    <summary lang="en_GB">Sony - PlayStation (PCSX ReARMed)</summary>
    <description lang="en_GB">Emulator for PlayStation by PCSX Team|notaz|Exophase[CR]Supported files: bin|cue|img|mdf|pbp|toc|cbn|m3u|ccd|chd[CR][CR]Game Addon Notes: (!) scph5500.bin (md5): 8dd7d5296a650fac7319bce665a6a53c|(!) scph5501.bin (md5): 490f666e1afb15b7362b406ed1cea246|(!) scph5502.bin (md5): 32736f17079d0b2b7024407c39bd3050</description>
    <license>GPLv2</license>
    <platform>all</platform>
    <source>http://buildbot.libretro.com/nightly/linux/armhf/latest/pcsx_rearmed_libretro.so.zip</source>
    <news>Built from libretro buildbot commit b5faac47 (2020-11-14)</news>
  </extension>
</addon>
