<?xml version='1.0' encoding='UTF-8'?>
<addon id="game.libretro.mednafen_ngp_libretro_buildbot" name="SNK - Neo Geo Pocket / Color (Beetle NeoPop)" version="1.2021.18684" provider-name="http://buildbot.libretro.com/">
  <requires>
    <import addon="game.libretro" version="1.0.0"/>
    <import addon="game.controller.ngp"/>
  </requires>
  <extension point="kodi.gameclient" library_linux="mednafen_ngp_libretro.so">
    <platforms>Neo Geo Pocket (Color)</platforms>
    <extensions>ngp|ngc|ngpc|npc</extensions>
    <supports_vfs>true</supports_vfs>
    <supports_standalone>false</supports_standalone>
  </extension>
  <extension point="xbmc.addon.metadata">
    <summary lang="en_GB">SNK - Neo Geo Pocket / Color (Beetle NeoPop)</summary>
    <description lang="en_GB">Emulator for Neo Geo Pocket (Color) by neopop_uk|Mednafen Team[CR]Supported files: ngp|ngc|ngpc|npc</description>
    <license>GPLv2</license>
    <platform>linux</platform>
    <source>http://buildbot.libretro.com/nightly/linux/x86_64/latest/mednafen_ngp_libretro.so.zip</source>
    <news>Built from libretro buildbot commit 87bf6390 (2021-02-26)</news>
  </extension>
</addon>
