<?xml version='1.0' encoding='UTF-8'?>
<addon id="game.libretro.mame2000_libretro_buildbot" name="Arcade (MAME 2000)" provider-name="http://buildbot.libretro.com/" version="1.2020.18274">
  <requires>
    <import addon="game.libretro" version="1.0.0"/>
  </requires>
  <extension library_osx="mame2000_libretro.dylib" point="kodi.gameclient">
    <platforms>Arcade (various)</platforms>
    <extensions>zip|7z|chd</extensions>
    <supports_vfs>false</supports_vfs>
    <supports_standalone>false</supports_standalone>
  </extension>
  <extension point="xbmc.addon.metadata">
    <summary lang="en_GB">Arcade (MAME 2000)</summary>
    <description lang="en_GB">Emulator for Arcade (various) by MAMEdev[CR]Supported files: zip|7z|chd[CR][CR]Game Addon Notes: (!) The BIOS files must be inside the ROM directory.|</description>
    <license>MAME</license>
    <platform>osx-x86_64</platform>
    <source>http://buildbot.libretro.com/nightly/apple/osx/x86_64/latest/mame2000_libretro.dylib.zip</source>
    <news>Built from libretro buildbot commit cecce81c (2020-01-13)</news>
  </extension>
</addon>
