<?xml version='1.0' encoding='UTF-8'?>
<addon id="game.libretro.tic80_libretro_buildbot" name="TIC-80" version="1.2021.18684" provider-name="http://buildbot.libretro.com/">
  <requires>
    <import addon="game.libretro" version="1.0.0"/>
  </requires>
  <extension point="kodi.gameclient" library_android="tic80_libretro_android.so">
    <platforms>TIC-80</platforms>
    <extensions>tic</extensions>
    <supports_vfs>true</supports_vfs>
    <supports_standalone>false</supports_standalone>
  </extension>
  <extension point="xbmc.addon.metadata">
    <summary lang="en_GB">TIC-80</summary>
    <description lang="en_GB">Game engine for TIC-80 by Nesbox|RobLoach[CR]Supported files: tic</description>
    <license>MIT</license>
    <platform>android-aarch64</platform>
    <source>http://buildbot.libretro.com/nightly/android/latest/arm64-v8a/tic80_libretro_android.so.zip</source>
    <news>Built from libretro buildbot commit b8e3c9e2 (2021-02-26)</news>
  </extension>
</addon>
