<?xml version='1.0' encoding='UTF-8'?>
<addon id="game.libretro.tic80_libretro_buildbot" name="TIC-80" provider-name="http://buildbot.libretro.com/" version="1.2020.18349">
  <requires>
    <import addon="game.libretro" version="1.0.0"/>
  </requires>
  <extension library_windows="tic80_libretro.dll" point="kodi.gameclient">
    <platforms>TIC-80</platforms>
    <extensions>tic</extensions>
    <supports_vfs>true</supports_vfs>
    <supports_standalone>false</supports_standalone>
  </extension>
  <extension point="xbmc.addon.metadata">
    <summary lang="en_GB">TIC-80</summary>
    <description lang="en_GB">Game engine for TIC-80 by Nesbox|RobLoach[CR]Supported files: tic</description>
    <license>MIT</license>
    <platform>windows-x86_64</platform>
    <source>http://buildbot.libretro.com/nightly/windows/x86_64/latest/tic80_libretro.dll.zip</source>
    <news>Built from libretro buildbot commit 71d9c34c (2020-03-28)</news>
  </extension>
</addon>
