<?xml version='1.0' encoding='UTF-8'?>
<addon id="game.libretro.mesen-s_libretro_buildbot" name="Nintendo - SNES / SFC (Mesen-S)" provider-name="http://buildbot.libretro.com/" version="1.2020.18305">
  <requires>
    <import addon="game.libretro" version="1.0.0"/>
  </requires>
  <extension library_linux="mesen-s_libretro.so" point="kodi.gameclient">
    <platforms>Super Nintendo Entertainment System</platforms>
    <extensions>sfc|smc|fig|swc</extensions>
    <supports_vfs>true</supports_vfs>
    <supports_standalone>false</supports_standalone>
  </extension>
  <extension point="xbmc.addon.metadata">
    <summary lang="en_GB">Nintendo - SNES / SFC (Mesen-S)</summary>
    <description lang="en_GB">Emulator for Super Nintendo Entertainment System by M. Bibaud (aka Sour)[CR]Supported files: sfc|smc|fig|swc</description>
    <license>GPLv3</license>
    <platform>all</platform>
    <source>http://buildbot.libretro.com/nightly/linux/x86_64/latest/mesen-s_libretro.so.zip</source>
    <news>Built from libretro buildbot commit cdd9e76d (2020-02-13)</news>
  </extension>
</addon>
