<?xml version='1.0' encoding='UTF-8'?>
<addon id="game.libretro.openlara_libretro_buildbot" name="Tomb Raider (OpenLara)" version="1.2021.18681" provider-name="http://buildbot.libretro.com/">
  <requires>
    <import addon="game.libretro" version="1.0.0"/>
  </requires>
  <extension point="kodi.gameclient" library_android="openlara_libretro_android.so">
    <platforms>Classic Tomb Raider engine</platforms>
    <extensions>phd|psx|tr2</extensions>
    <supports_vfs>false</supports_vfs>
    <supports_standalone>false</supports_standalone>
  </extension>
  <extension point="xbmc.addon.metadata">
    <summary lang="en_GB">Tomb Raider (OpenLara)</summary>
    <description lang="en_GB">Game for Classic Tomb Raider engine by XProger[CR]Supported files: phd|psx|tr2</description>
    <license>2-clause BSD</license>
    <platform>android-armv7</platform>
    <source>http://buildbot.libretro.com/nightly/android/latest/armeabi-v7a/openlara_libretro_android.so.zip</source>
    <news>Built from libretro buildbot commit 9db7b0d4 (2021-02-23)</news>
  </extension>
</addon>
