<?xml version='1.0' encoding='UTF-8'?>
<addon id="game.libretro.dosbox_libretro_buildbot" name="DOS (DOSBox)" provider-name="http://buildbot.libretro.com/" version="3e90f71b">
  <requires>
    <import addon="game.libretro" version="1.0.0"/>
    <import addon="game.controller.gravis.gamepad"/>
    <import addon="game.controller.joystick.4button"/>
    <import addon="game.controller.mouse"/>
    <import addon="game.controller.keyboard"/>
    <import addon="game.controller.joystick.2button"/>
  </requires>
  <extension library_osx="dosbox_libretro.dylib" point="kodi.gameclient">
    <platforms>DOS</platforms>
    <extensions>exe|com|bat|conf</extensions>
    <supports_vfs>false</supports_vfs>
    <supports_standalone>true</supports_standalone>
  </extension>
  <extension point="xbmc.addon.metadata">
    <summary lang="en_GB">DOS (DOSBox)</summary>
    <description lang="en_GB">Emulator for DOS by DOSBox Team[CR]Supported files: exe|com|bat|conf</description>
    <license>GPLv2</license>
    <platform>osx-x86_64</platform>
    <source>http://buildbot.libretro.com/nightly/apple/osx/x86_64/latest/dosbox_libretro.dylib.zip</source>
    <news>Built from libretro buildbot commit 3e90f71b (2019-09-03)</news>
  </extension>
</addon>
