<?xml version='1.0' encoding='UTF-8'?>
<addon id="game.libretro.desmume2015_libretro_buildbot" name="Nintendo - DS (DeSmuME 2015)" provider-name="http://buildbot.libretro.com/" version="1.2020.18310">
  <requires>
    <import addon="game.libretro" version="1.0.0"/>
    <import addon="game.controller.nds"/>
  </requires>
  <extension library_osx="desmume2015_libretro.dylib" point="kodi.gameclient">
    <platforms>Nintendo DS</platforms>
    <extensions>nds|bin</extensions>
    <supports_vfs>false</supports_vfs>
    <supports_standalone>false</supports_standalone>
  </extension>
  <extension point="xbmc.addon.metadata">
    <summary lang="en_GB">Nintendo - DS (DeSmuME 2015)</summary>
    <description lang="en_GB">Emulator for Nintendo DS by YopYop156|Zeromus[CR]Supported files: nds|bin</description>
    <license>GPLv2</license>
    <platform>osx-x86_64</platform>
    <source>http://buildbot.libretro.com/nightly/apple/osx/x86_64/latest/desmume2015_libretro.dylib.zip</source>
    <news>Built from libretro buildbot commit 54ad4d89 (2020-02-18)</news>
  </extension>
</addon>
