<?xml version='1.0' encoding='UTF-8'?>
<addon id="game.libretro.uzem_libretro_buildbot" name="Uzebox (Uzem)" provider-name="http://buildbot.libretro.com/" version="1.2020.18263">
  <requires>
    <import addon="game.libretro" version="1.0.0"/>
  </requires>
  <extension library_android="uzem_libretro_android.so" point="kodi.gameclient">
    <platforms>Uzebox</platforms>
    <extensions>uze</extensions>
    <supports_vfs>true</supports_vfs>
    <supports_standalone>false</supports_standalone>
  </extension>
  <extension point="xbmc.addon.metadata">
    <summary lang="en_GB">Uzebox (Uzem)</summary>
    <description lang="en_GB">Emulator for Uzebox[CR]Supported files: uze</description>
    <license>MIT</license>
    <platform>android-armv7</platform>
    <source>http://buildbot.libretro.com/nightly/android/latest/armeabi-v7a/uzem_libretro_android.so.zip</source>
    <news>Built from libretro buildbot commit f9509acb (2020-01-02)</news>
  </extension>
</addon>
