<?xml version='1.0' encoding='UTF-8'?>
<addon id="game.libretro.bsnes_balanced_libretro_buildbot" name="Nintendo - SNES / Famicom (bsnes Balanced)" provider-name="http://buildbot.libretro.com/" version="dd0a9ced">
  <requires>
    <import addon="game.libretro" version="1.0.0"/>
    <import addon="game.controller.konami.justifier.snes"/>
    <import addon="game.controller.snes.super.scope"/>
    <import addon="game.controller.snes"/>
    <import addon="game.controller.snes.mouse"/>
    <import addon="game.controller.konami.justifier.player2"/>
  </requires>
  <extension library_linux="bsnes_balanced_libretro.so" point="kodi.gameclient">
    <platforms>Super Nintendo Entertainment System</platforms>
    <extensions>sfc|smc|bml</extensions>
    <supports_vfs>true</supports_vfs>
    <supports_standalone>false</supports_standalone>
  </extension>
  <extension point="xbmc.addon.metadata">
    <summary lang="en_GB">Nintendo - SNES / Famicom (bsnes Balanced)</summary>
    <description lang="en_GB">Emulator for Super Nintendo Entertainment System by byuu[CR]Supported files: sfc|smc|bml[CR][CR]Game Addon Notes: [1] bsnes/higan Balanced uses split ROMS for special chip games.|[*] Notable DSP1/DSP1B Games: Super Mario Kart,  Pilotwings|[*] Notable DSP2 Games: Dungeon Master|[*] Notable DSP3 Games: SD Gundam GX|[*] Notable DSP4 Games: Top Gear 3000|[*] Notable Cx4 Games: Mega Man X2,  Mega Man X3|[2] SGB Emulation will only work with command line.</description>
    <license>GPLv3</license>
    <platform>all</platform>
    <source>http://buildbot.libretro.com/nightly/linux/armhf/latest/bsnes_balanced_libretro.so.zip</source>
    <news>Built from libretro buildbot commit dd0a9ced (2019-09-07)</news>
  </extension>
</addon>
