<?xml version='1.0' encoding='UTF-8'?>
<addon id="game.libretro.fceumm_libretro_buildbot" name="Nintendo - NES / Famicom (FCEUmm)" provider-name="http://buildbot.libretro.com/" version="1.2021.18674">
  <requires>
    <import addon="game.libretro" version="1.0.0"/>
    <import addon="game.controller.nes"/>
  </requires>
  <extension library_osx="fceumm_libretro.dylib" point="kodi.gameclient">
    <platforms>Nintendo Entertainment System</platforms>
    <extensions>fds|nes|unif|unf</extensions>
    <supports_vfs>true</supports_vfs>
    <supports_standalone>false</supports_standalone>
  </extension>
  <extension point="xbmc.addon.metadata">
    <summary lang="en_GB">Nintendo - NES / Famicom (FCEUmm)</summary>
    <description lang="en_GB">Emulator for Nintendo Entertainment System by FCEU Team|CaH4e3[CR]Supported files: fds|nes|unif|unf[CR][CR]Game Addon Notes: (!) disksys.rom (md5): ca30b50f880eb660a320674ed365ef7a|(!) nes.pal must be located in system directory.</description>
    <license>GPLv2</license>
    <platform>osx-x86_64</platform>
    <source>http://buildbot.libretro.com/nightly/apple/osx/x86_64/latest/fceumm_libretro.dylib.zip</source>
    <news>Built from libretro buildbot commit 82c40339 (2021-02-16)</news>
  </extension>
</addon>
