<?xml version='1.0' encoding='UTF-8'?>
<addon id="game.libretro.vice_xvic_libretro_buildbot" name="Commodore - VIC20 (VICE xvic)" provider-name="http://buildbot.libretro.com/" version="1.2020.18303">
  <requires>
    <import addon="game.libretro" version="1.0.0"/>
    <import addon="game.controller.mouse"/>
    <import addon="game.controller.default"/>
    <import addon="game.controller.keyboard"/>
  </requires>
  <extension library_windows="vice_xvic_libretro.dll" point="kodi.gameclient">
    <platforms>VIC20</platforms>
    <extensions>20|40|60|a0|b0|d64|d71|d80|d81|d82|g64|g41|x64|t64|tap|prg|p00|crt|bin|zip|gz|d6z|d7z|d8z|g6z|g4z|x6z|cmd|m3u</extensions>
    <supports_vfs>false</supports_vfs>
    <supports_standalone>true</supports_standalone>
  </extension>
  <extension point="xbmc.addon.metadata">
    <summary lang="en_GB">Commodore - VIC20 (VICE xvic)</summary>
    <description lang="en_GB">Emulator for VIC20 by VICE Core Team Members[CR]Supported files: 20|40|60|a0|b0|d64|d71|d80|d81|d82|g64|g41|x64|t64|tap|prg|p00|crt|bin|zip|gz|d6z|d7z|d8z|g6z|g4z|x6z|cmd|m3u</description>
    <license>GPLv2</license>
    <platform>windows-x86_64</platform>
    <source>http://buildbot.libretro.com/nightly/windows/x86_64/latest/vice_xvic_libretro.dll.zip</source>
    <news>Built from libretro buildbot commit c298d78d (2020-02-11)</news>
  </extension>
</addon>
