<?xml version='1.0' encoding='UTF-8'?>
<addon id="game.libretro.mednafen_pce_libretro_buildbot" name="NEC - PC Engine / SuperGrafx / CD (Beetle PCE)" version="1.2021.18684" provider-name="http://buildbot.libretro.com/">
  <requires>
    <import addon="game.libretro" version="1.0.0"/>
    <import addon="game.controller.pce"/>
  </requires>
  <extension point="kodi.gameclient" library_android="mednafen_pce_libretro_android.so">
    <platforms>PC Engine/SuperGrafx/CD</platforms>
    <extensions>pce|cue|ccd|iso|img|bin|chd</extensions>
    <supports_vfs>false</supports_vfs>
    <supports_standalone>false</supports_standalone>
  </extension>
  <extension point="xbmc.addon.metadata">
    <summary lang="en_GB">NEC - PC Engine / SuperGrafx / CD (Beetle PCE)</summary>
    <description lang="en_GB">Emulator for PC Engine/SuperGrafx/CD by Mednafen Team[CR]Supported files: pce|cue|ccd|iso|img|bin|chd[CR][CR]Game Addon Notes: (!) syscard3.pce (md5): 38179df8f4ac870017db21ebcbf53114|[i] For cue files track type use:|[i] OGG for ogg files|[i] WAVE for wav files|[i] BINARY for iso files</description>
    <license>GPLv2</license>
    <platform>android-aarch64</platform>
    <source>http://buildbot.libretro.com/nightly/android/latest/arm64-v8a/mednafen_pce_libretro_android.so.zip</source>
    <news>Built from libretro buildbot commit 839f5084 (2021-02-26)</news>
  </extension>
</addon>
