<?xml version='1.0' encoding='UTF-8'?>
<addon id="game.libretro.gw_libretro_buildbot" name="Handheld Electronic (GW)" provider-name="http://buildbot.libretro.com/" version="1.2020.18263">
  <requires>
    <import addon="game.libretro" version="1.0.0"/>
  </requires>
  <extension library_linux="gw_libretro.so" point="kodi.gameclient">
    <platforms>Handheld Electronic</platforms>
    <extensions>mgw</extensions>
    <supports_vfs>true</supports_vfs>
    <supports_standalone>false</supports_standalone>
  </extension>
  <extension point="xbmc.addon.metadata">
    <summary lang="en_GB">Handheld Electronic (GW)</summary>
    <description lang="en_GB">Emulator for Handheld Electronic by Andre Leiradella[CR]Supported files: mgw</description>
    <license>zlib</license>
    <platform>linux</platform>
    <source>http://buildbot.libretro.com/nightly/linux/x86_64/latest/gw_libretro.so.zip</source>
    <news>Built from libretro buildbot commit 86b3fdcd (2020-01-02)</news>
  </extension>
</addon>
