<?xml version='1.0' encoding='UTF-8'?>
<addon id="game.libretro.emux_gb_libretro_buildbot" name="Nintendo - Game Boy / Color (Emux GB)" provider-name="http://buildbot.libretro.com/" version="774a39ec">
  <requires>
    <import addon="game.libretro" version="1.0.0"/>
  </requires>
  <extension library_osx="emux_gb_libretro.dylib" point="kodi.gameclient">
    <platforms>Game Boy/Game Boy Color</platforms>
    <extensions>gb|bin|rom</extensions>
    <supports_vfs>false</supports_vfs>
    <supports_standalone>false</supports_standalone>
  </extension>
  <extension point="xbmc.addon.metadata">
    <summary lang="en_GB">Nintendo - Game Boy / Color (Emux GB)</summary>
    <description lang="en_GB">Emulator for Game Boy/Game Boy Color by Sebastien Ronsse[CR]Supported files: gb|bin|rom[CR][CR]Game Addon Notes: (!) dmg_boot.bin (md5): 32fbbd84168d3482956eb3c5051637f5[CR][CR]BIOS files are required for this core to function correctly</description>
    <license>GPLv2</license>
    <platform>osx-x86_64</platform>
    <source>http://buildbot.libretro.com/nightly/apple/osx/x86_64/latest/emux_gb_libretro.dylib.zip</source>
    <news>Built from libretro buildbot commit 774a39ec (2015-08-03)</news>
  </extension>
</addon>
