<?xml version='1.0' encoding='UTF-8'?>
<addon id="game.libretro.emux_chip8_libretro_buildbot" name="CHIP-8 (Emux CHIP-8)" provider-name="http://buildbot.libretro.com/" version="2209f2b0">
  <requires>
    <import addon="game.libretro" version="1.0.0"/>
  </requires>
  <extension library_osx="emux_chip8_libretro.dylib" point="kodi.gameclient">
    <platforms>CHIP-8</platforms>
    <extensions>ch8|bin|rom</extensions>
    <supports_vfs>false</supports_vfs>
    <supports_standalone>false</supports_standalone>
  </extension>
  <extension point="xbmc.addon.metadata">
    <summary lang="en_GB">CHIP-8 (Emux CHIP-8)</summary>
    <description lang="en_GB">Emulator for CHIP-8 by Sebastien Ronsse[CR]Supported files: ch8|bin|rom</description>
    <license>GPLv2</license>
    <platform>osx-x86_64</platform>
    <source>http://buildbot.libretro.com/nightly/apple/osx/x86_64/latest/emux_chip8_libretro.dylib.zip</source>
    <news>Built from libretro buildbot commit 2209f2b0 (2015-08-03)</news>
  </extension>
</addon>
