<?xml version='1.0' encoding='UTF-8'?>
<addon id="game.libretro.vice_xplus4_libretro_buildbot" name="Commodore - PLUS4 (VICE xplus4)" provider-name="http://buildbot.libretro.com/" version="1.2020.18326">
  <requires>
    <import addon="game.libretro" version="1.0.0"/>
    <import addon="game.controller.mouse"/>
    <import addon="game.controller.default"/>
    <import addon="game.controller.keyboard"/>
  </requires>
  <extension library_osx="vice_xplus4_libretro.dylib" point="kodi.gameclient">
    <platforms>PLUS4</platforms>
    <extensions>d64|d71|d80|d81|d82|g64|g41|x64|t64|tap|prg|p00|crt|bin|zip|gz|d6z|d7z|d8z|g6z|g4z|x6z|cmd|m3u</extensions>
    <supports_vfs>false</supports_vfs>
    <supports_standalone>true</supports_standalone>
  </extension>
  <extension point="xbmc.addon.metadata">
    <summary lang="en_GB">Commodore - PLUS4 (VICE xplus4)</summary>
    <description lang="en_GB">Emulator for PLUS4 by VICE Core Team Members[CR]Supported files: d64|d71|d80|d81|d82|g64|g41|x64|t64|tap|prg|p00|crt|bin|zip|gz|d6z|d7z|d8z|g6z|g4z|x6z|cmd|m3u</description>
    <license>GPLv2</license>
    <platform>osx-x86_64</platform>
    <source>http://buildbot.libretro.com/nightly/apple/osx/x86_64/latest/vice_xplus4_libretro.dylib.zip</source>
    <news>Built from libretro buildbot commit e98c02b7 (2020-03-05)</news>
  </extension>
</addon>
