<?xml version='1.0' encoding='UTF-8'?>
<addon id="game.libretro.vice_xplus4_libretro_buildbot" name="Commodore - PLUS/4 (VICE xplus4)" provider-name="http://buildbot.libretro.com/" version="1.2021.18679">
  <requires>
    <import addon="game.libretro" version="1.0.0"/>
    <import addon="game.controller.default"/>
    <import addon="game.controller.mouse"/>
    <import addon="game.controller.keyboard"/>
  </requires>
  <extension library_android="vice_xplus4_libretro_android.so" point="kodi.gameclient">
    <platforms>PLUS/4</platforms>
    <extensions>d64|d71|d80|d81|d82|g64|g41|x64|t64|tap|prg|p00|crt|bin|zip|gz|d6z|d7z|d8z|g6z|g4z|x6z|cmd|m3u|vfl|vsf|nib|nbz</extensions>
    <supports_vfs>true</supports_vfs>
    <supports_standalone>true</supports_standalone>
  </extension>
  <extension point="xbmc.addon.metadata">
    <summary lang="en_GB">Commodore - PLUS/4 (VICE xplus4)</summary>
    <description lang="en_GB">Emulator for PLUS/4 by VICE Team[CR]Supported files: d64|d71|d80|d81|d82|g64|g41|x64|t64|tap|prg|p00|crt|bin|zip|gz|d6z|d7z|d8z|g6z|g4z|x6z|cmd|m3u|vfl|vsf|nib|nbz</description>
    <license>GPLv2</license>
    <platform>android-armv7</platform>
    <source>http://buildbot.libretro.com/nightly/android/latest/armeabi-v7a/vice_xplus4_libretro_android.so.zip</source>
    <news>Built from libretro buildbot commit 8fe6770e (2021-02-21)</news>
  </extension>
</addon>
