<?xml version='1.0' encoding='UTF-8'?>
<addon id="game.libretro.craft_libretro_buildbot" name="Minecraft (Craft)" provider-name="http://buildbot.libretro.com/" version="1.2020.18263">
  <requires>
    <import addon="game.libretro" version="1.0.0"/>
  </requires>
  <extension library_android="craft_libretro_android.so" point="kodi.gameclient">
    <platforms>Minecraft Game Clone</platforms>
    <extensions/>
    <supports_vfs>true</supports_vfs>
    <supports_standalone>true</supports_standalone>
  </extension>
  <extension point="xbmc.addon.metadata">
    <summary lang="en_GB">Minecraft (Craft)</summary>
    <description lang="en_GB">Game for Minecraft Game Clone by Michael Fogleman</description>
    <license>MIT</license>
    <platform>android-armv7</platform>
    <source>http://buildbot.libretro.com/nightly/android/latest/armeabi-v7a/craft_libretro_android.so.zip</source>
    <news>Built from libretro buildbot commit 0b0313f1 (2020-01-02)</news>
  </extension>
</addon>
