<?xml version='1.0' encoding='UTF-8'?>
<addon id="game.libretro.lutro_libretro_buildbot" name="Lua Engine (Lutro)" version="1.2021.18681" provider-name="http://buildbot.libretro.com/">
  <requires>
    <import addon="game.libretro" version="1.0.0"/>
  </requires>
  <extension point="kodi.gameclient" library_osx="lutro_libretro.dylib">
    <platforms>Lutro</platforms>
    <extensions>lutro|lua</extensions>
    <supports_vfs>false</supports_vfs>
    <supports_standalone>false</supports_standalone>
  </extension>
  <extension point="xbmc.addon.metadata">
    <summary lang="en_GB">Lua Engine (Lutro)</summary>
    <description lang="en_GB">Game engine for Lutro by Higor Euripedes/Jean-Andre Santoni[CR]Supported files: lutro|lua</description>
    <license>MIT</license>
    <platform>osx-x86_64</platform>
    <source>http://buildbot.libretro.com/nightly/apple/osx/x86_64/latest/lutro_libretro.dylib.zip</source>
    <news>Built from libretro buildbot commit 18d09ac4 (2021-02-23)</news>
  </extension>
</addon>
