<?xml version='1.0' encoding='UTF-8'?>
<addon id="game.libretro.pocketcdg_libretro_buildbot" name="PocketCDG" provider-name="http://buildbot.libretro.com/" version="1.2020.18269">
  <requires>
    <import addon="game.libretro" version="1.0.0"/>
  </requires>
  <extension library_linux="pocketcdg_libretro.so" point="kodi.gameclient">
    <platforms>Music</platforms>
    <extensions>cdg</extensions>
    <supports_vfs>true</supports_vfs>
    <supports_standalone>false</supports_standalone>
  </extension>
  <extension point="xbmc.addon.metadata">
    <summary lang="en_GB">PocketCDG</summary>
    <description lang="en_GB">Karaoke player for Music by RedBug[CR]Supported files: cdg</description>
    <license>MIT</license>
    <platform>all</platform>
    <source>http://buildbot.libretro.com/nightly/linux/x86_64/latest/pocketcdg_libretro.so.zip</source>
    <news>Built from libretro buildbot commit 4ea5f9c5 (2020-01-08)</news>
  </extension>
</addon>
