<?xml version='1.0' encoding='UTF-8'?>
<addon id="game.libretro.crocods_libretro_buildbot" name="Amstrad - CPC (CrocoDS)" version="1.2021.18683" provider-name="http://buildbot.libretro.com/">
  <requires>
    <import addon="game.libretro" version="1.0.0"/>
  </requires>
  <extension point="kodi.gameclient" library_android="crocods_libretro_android.so">
    <platforms>CPC</platforms>
    <extensions>dsk|sna|kcr</extensions>
    <supports_vfs>true</supports_vfs>
    <supports_standalone>false</supports_standalone>
  </extension>
  <extension point="xbmc.addon.metadata">
    <summary lang="en_GB">Amstrad - CPC (CrocoDS)</summary>
    <description lang="en_GB">Emulator for CPC by RedBug[CR]Supported files: dsk|sna|kcr</description>
    <license>MIT</license>
    <platform>android-aarch64</platform>
    <source>http://buildbot.libretro.com/nightly/android/latest/arm64-v8a/crocods_libretro_android.so.zip</source>
    <news>Built from libretro buildbot commit 580efd4a (2021-02-25)</news>
  </extension>
</addon>
