<?xml version='1.0' encoding='UTF-8'?>
<addon id="game.libretro.prboom_libretro_buildbot" name="Doom (PrBoom)" provider-name="http://buildbot.libretro.com/" version="1.2020.18316">
  <requires>
    <import addon="game.libretro" version="1.0.0"/>
    <import addon="game.controller.default"/>
    <import addon="game.controller.keyboard"/>
    <import addon="game.controller.mouse"/>
  </requires>
  <extension library_linux="prboom_libretro.so" point="kodi.gameclient">
    <platforms>DOOM Game Engine</platforms>
    <extensions>wad|iwad|pwad</extensions>
    <supports_vfs>false</supports_vfs>
    <supports_standalone>false</supports_standalone>
  </extension>
  <extension point="xbmc.addon.metadata">
    <summary lang="en_GB">Doom (PrBoom)</summary>
    <description lang="en_GB">Game for DOOM Game Engine by Florian Schulze[CR]Supported files: wad|iwad|pwad[CR][CR]Game Addon Notes: (!) PrBoom requires data ROM 'prboom.wad' inside the ROM directory.|(!) Load Content 'doom1.wad'.</description>
    <license>GPLv2</license>
    <platform>linux</platform>
    <source>http://buildbot.libretro.com/nightly/linux/x86_64/latest/prboom_libretro.so.zip</source>
    <news>Built from libretro buildbot commit 6e3a8183 (2020-02-24)</news>
  </extension>
</addon>
