<?xml version='1.0' encoding='UTF-8'?>
<addon id="game.libretro.fbalpha2012_neogeo_libretro_buildbot" name="Arcade (FB Alpha 2012 Neo Geo)" provider-name="http://buildbot.libretro.com/" version="1.2020.18300">
  <requires>
    <import addon="game.libretro" version="1.0.0"/>
    <import addon="game.controller.default"/>
  </requires>
  <extension library_osx="fbalpha2012_neogeo_libretro.dylib" point="kodi.gameclient">
    <platforms>Neo Geo</platforms>
    <extensions>zip</extensions>
    <supports_vfs>false</supports_vfs>
    <supports_standalone>false</supports_standalone>
  </extension>
  <extension point="xbmc.addon.metadata">
    <summary lang="en_GB">Arcade (FB Alpha 2012 Neo Geo)</summary>
    <description lang="en_GB">Emulator for Neo Geo by Team FB Alpha[CR]Supported files: zip[CR][CR]Game Addon Notes: (!) The BIOS files must be inside the ROM directory.</description>
    <license>Non-commercial</license>
    <platform>osx-x86_64</platform>
    <source>http://buildbot.libretro.com/nightly/apple/osx/x86_64/latest/fbalpha2012_neogeo_libretro.dylib.zip</source>
    <news>Built from libretro buildbot commit 73d0b8e0 (2020-02-08)</news>
  </extension>
</addon>
