<?xml version='1.0' encoding='UTF-8'?>
<addon id="game.libretro.mednafen_saturn_libretro_buildbot" name="Sega - Saturn (Beetle Saturn)" provider-name="http://buildbot.libretro.com/" version="1.2020.18286">
  <requires>
    <import addon="game.libretro" version="1.0.0"/>
    <import addon="game.controller.saturn.3d.western"/>
    <import addon="game.controller.saturn.virtua.gun.us"/>
    <import addon="game.controller.saturn.mouse"/>
    <import addon="game.controller.saturn"/>
    <import addon="game.controller.saturn.arcade.racer"/>
    <import addon="game.controller.saturn.mission.stick"/>
    <import addon="game.controller.saturn.twin.stick"/>
    <import addon="game.controller.saturn.mission.sticks"/>
  </requires>
  <extension library_osx="mednafen_saturn_libretro.dylib" point="kodi.gameclient">
    <platforms>Saturn</platforms>
    <extensions>cue|toc|m3u|ccd|chd</extensions>
    <supports_vfs>false</supports_vfs>
    <supports_standalone>false</supports_standalone>
  </extension>
  <extension point="xbmc.addon.metadata">
    <summary lang="en_GB">Sega - Saturn (Beetle Saturn)</summary>
    <description lang="en_GB">Emulator for Saturn by Mednafen Team[CR]Supported files: cue|toc|m3u|ccd|chd[CR][CR]Game Addon Notes: (!) sega_101.bin (md5): 85ec9ca47d8f6807718151cbcca8b964|(!) mpr-17933.bin (md5): 3240872c70984b6cbfda1586cab68dbe|(!) mpr-18811-mx.ic1 (md5): 255113ba943c92a54facd25a10fd780c|(!) mpr-19367-mx.ic1 (md5): 1cd19988d1d72a3e7caa0b73234c96b4[CR][CR]BIOS files are required for this core to function correctly</description>
    <license>GPLv2</license>
    <platform>osx-x86_64</platform>
    <source>http://buildbot.libretro.com/nightly/apple/osx/x86_64/latest/mednafen_saturn_libretro.dylib.zip</source>
    <news>Built from libretro buildbot commit 78d0ac21 (2020-01-25)</news>
  </extension>
</addon>
