<?xml version='1.0' encoding='UTF-8'?>
<addon id="game.libretro.chailove_libretro_buildbot" name="ChaiLove" provider-name="http://buildbot.libretro.com/" version="1.2020.18496">
  <requires>
    <import addon="game.libretro" version="1.0.0"/>
    <import addon="game.controller.default"/>
    <import addon="game.controller.mouse"/>
    <import addon="game.controller.keyboard"/>
  </requires>
  <extension library_android="chailove_libretro_android.so" point="kodi.gameclient">
    <platforms>ChaiLove</platforms>
    <extensions>chai|chailove</extensions>
    <supports_vfs>true</supports_vfs>
    <supports_standalone>false</supports_standalone>
  </extension>
  <extension point="xbmc.addon.metadata">
    <summary lang="en_GB">ChaiLove</summary>
    <description lang="en_GB">Game engine for ChaiLove by Rob Loach[CR]Supported files: chai|chailove</description>
    <license>MIT</license>
    <platform>android-armv7</platform>
    <source>http://buildbot.libretro.com/nightly/android/latest/armeabi-v7a/chailove_libretro_android.so.zip</source>
    <news>Built from libretro buildbot commit 47eb8df9 (2020-08-22)</news>
  </extension>
</addon>
