<?xml version='1.0' encoding='UTF-8'?>
<addon id="game.libretro.picodrive_libretro_buildbot" name="Sega - MS/MD/CD/32X (PicoDrive)" version="1.2021.18681" provider-name="http://buildbot.libretro.com/">
  <requires>
    <import addon="game.libretro" version="1.0.0"/>
    <import addon="game.controller.genesis.6button"/>
  </requires>
  <extension point="kodi.gameclient" library_osx="picodrive_libretro.dylib">
    <platforms>Sega 8/16-bit + 32X (Various)</platforms>
    <extensions>bin|gen|smd|md|32x|cue|iso|sms|68k</extensions>
    <supports_vfs>false</supports_vfs>
    <supports_standalone>false</supports_standalone>
  </extension>
  <extension point="xbmc.addon.metadata">
    <summary lang="en_GB">Sega - MS/MD/CD/32X (PicoDrive)</summary>
    <description lang="en_GB">Emulator for Sega 8/16-bit + 32X (Various) by notaz|fdave[CR]Supported files: bin|gen|smd|md|32x|cue|iso|sms|68k[CR][CR]Game Addon Notes: (!) bios_CD_U.bin (md5): 2efd74e3232ff260e371b99f84024f7f|(!) bios_CD_E.bin (md5): e66fa1dc5820d254611fdcdba0662372|(!) bios_CD_J.bin (md5): 278a9397d192149e84e820ac621a8edd</description>
    <license>MAME</license>
    <platform>osx-x86_64</platform>
    <source>http://buildbot.libretro.com/nightly/apple/osx/x86_64/latest/picodrive_libretro.dylib.zip</source>
    <news>Built from libretro buildbot commit 0066e225 (2021-02-23)</news>
  </extension>
</addon>
