<?xml version='1.0' encoding='UTF-8'?>
<addon id="game.libretro.handy_libretro_buildbot" name="Atari - Lynx (Handy)" provider-name="http://buildbot.libretro.com/" version="1.2020.18270">
  <requires>
    <import addon="game.libretro" version="1.0.0"/>
    <import addon="game.controller.atari.lynx"/>
  </requires>
  <extension library_linux="handy_libretro.so" point="kodi.gameclient">
    <platforms>Lynx</platforms>
    <extensions>lnx|o</extensions>
    <supports_vfs>false</supports_vfs>
    <supports_standalone>false</supports_standalone>
  </extension>
  <extension point="xbmc.addon.metadata">
    <summary lang="en_GB">Atari - Lynx (Handy)</summary>
    <description lang="en_GB">Emulator for Lynx by K. Wilkins[CR]Supported files: lnx|o[CR][CR]Game Addon Notes: (!) lynxboot.img (md5): fcd403db69f54290b51035d82f835e7b</description>
    <license>Zlib</license>
    <platform>linux</platform>
    <source>http://buildbot.libretro.com/nightly/linux/x86_64/latest/handy_libretro.so.zip</source>
    <news>Built from libretro buildbot commit 7b3f0b86 (2020-01-09)</news>
  </extension>
</addon>
