<?xml version='1.0' encoding='UTF-8'?>
<addon id="game.libretro.mrboom_libretro_buildbot" name="Mr.Boom (Bomberman)" provider-name="http://buildbot.libretro.com/" version="1.2020.18349">
  <requires>
    <import addon="game.libretro" version="1.0.0"/>
    <import addon="game.controller.default"/>
  </requires>
  <extension library_windows="mrboom_libretro.dll" point="kodi.gameclient">
    <platforms>Mr.Boom</platforms>
    <extensions>desktop</extensions>
    <supports_vfs>true</supports_vfs>
    <supports_standalone>true</supports_standalone>
  </extension>
  <extension point="xbmc.addon.metadata">
    <summary lang="en_GB">Mr.Boom (Bomberman)</summary>
    <description lang="en_GB">Game for Mr.Boom by Remdy[CR]Supported files: desktop</description>
    <license/>
    <platform>windows-x86_64</platform>
    <source>http://buildbot.libretro.com/nightly/windows/x86_64/latest/mrboom_libretro.dll.zip</source>
    <news>Built from libretro buildbot commit 6a4fae5f (2020-03-28)</news>
  </extension>
</addon>
