<?xml version='1.0' encoding='UTF-8'?>
<addon id="game.libretro.kronos_libretro_buildbot" name="Sega - Saturn/ST-V (Kronos)" provider-name="http://buildbot.libretro.com/" version="1.2020.18302">
  <requires>
    <import addon="game.libretro" version="1.0.0"/>
  </requires>
  <extension library_linux="kronos_libretro.so" point="kodi.gameclient">
    <platforms>Saturn</platforms>
    <extensions>cue|iso|mds|ccd|zip|chd</extensions>
    <supports_vfs>false</supports_vfs>
    <supports_standalone>false</supports_standalone>
  </extension>
  <extension point="xbmc.addon.metadata">
    <summary lang="en_GB">Sega - Saturn/ST-V (Kronos)</summary>
    <description lang="en_GB">Emulator for Saturn by Guillaume Duhammel|Theo Berkau|Anders Montonen|devmiyax|FCare[CR]Supported files: cue|iso|mds|ccd|zip|chd[CR][CR]Game Addon Notes: (!) saturn_bios.bin (md5): af5828fdff51384f99b3c4926be27762|(!) stvbios.zip|(!) mpr-18811-mx.ic1 (md5): 255113ba943c92a54facd25a10fd780c|(!) mpr-19367-mx.ic1 (md5): 1cd19988d1d72a3e7caa0b73234c96b4[CR][CR]BIOS files are required for this core to function correctly</description>
    <license>GPLv2</license>
    <platform>all</platform>
    <source>http://buildbot.libretro.com/nightly/linux/x86_64/latest/kronos_libretro.so.zip</source>
    <news>Built from libretro buildbot commit a8fc0962 (2020-02-10)</news>
  </extension>
</addon>
