<?xml version='1.0' encoding='UTF-8'?>
<addon id="game.libretro.daphne_libretro_buildbot" name="Arcade (Daphne)" provider-name="http://buildbot.libretro.com/" version="1.2019.18231">
  <requires>
    <import addon="game.libretro" version="1.0.0"/>
  </requires>
  <extension library_linux="daphne_libretro.so" point="kodi.gameclient">
    <platforms>Arcade (various)</platforms>
    <extensions>zip</extensions>
    <supports_vfs>false</supports_vfs>
    <supports_standalone>false</supports_standalone>
  </extension>
  <extension point="xbmc.addon.metadata">
    <summary lang="en_GB">Arcade (Daphne)</summary>
    <description lang="en_GB">Emulator for Arcade (various) by Matt Ownby[CR]Supported files: zip</description>
    <license>GPLv2+</license>
    <platform>linux</platform>
    <source>http://buildbot.libretro.com/nightly/linux/x86_64/latest/daphne_libretro.so.zip</source>
    <news>Built from libretro buildbot commit 241c02e3 (2019-12-01)</news>
  </extension>
</addon>
