<?xml version='1.0' encoding='UTF-8'?>
<addon id="game.libretro.lowresnx_libretro_buildbot" name="LowRes NX" provider-name="http://buildbot.libretro.com/" version="1.2021.18674">
  <requires>
    <import addon="game.libretro" version="1.0.0"/>
  </requires>
  <extension library_linux="lowresnx_libretro.so" point="kodi.gameclient">
    <platforms>LowRes NX</platforms>
    <extensions>nx</extensions>
    <supports_vfs>true</supports_vfs>
    <supports_standalone>false</supports_standalone>
  </extension>
  <extension point="xbmc.addon.metadata">
    <summary lang="en_GB">LowRes NX</summary>
    <description lang="en_GB">Game engine for LowRes NX by timoinutilis[CR]Supported files: nx</description>
    <license>zlib</license>
    <platform>linux</platform>
    <source>http://buildbot.libretro.com/nightly/linux/x86_64/latest/lowresnx_libretro.so.zip</source>
    <news>Built from libretro buildbot commit e7c1a266 (2021-02-16)</news>
  </extension>
</addon>
