<?xml version='1.0' encoding='UTF-8'?>
<addon id="game.libretro.vice_xpet_libretro_buildbot" name="Commodore - PET (VICE xpet)" provider-name="http://buildbot.libretro.com/" version="1.2020.18363">
  <requires>
    <import addon="game.libretro" version="1.0.0"/>
  </requires>
  <extension library_linux="vice_xpet_libretro.so" point="kodi.gameclient">
    <platforms>PET</platforms>
    <extensions>d64|d71|d80|d81|d82|g64|g41|x64|t64|tap|prg|p00|crt|bin|zip|gz|d6z|d7z|d8z|g6z|g4z|x6z|cmd|m3u|vsf</extensions>
    <supports_vfs>false</supports_vfs>
    <supports_standalone>true</supports_standalone>
  </extension>
  <extension point="xbmc.addon.metadata">
    <summary lang="en_GB">Commodore - PET (VICE xpet)</summary>
    <description lang="en_GB">Emulator for PET by VICE Core Team Members[CR]Supported files: d64|d71|d80|d81|d82|g64|g41|x64|t64|tap|prg|p00|crt|bin|zip|gz|d6z|d7z|d8z|g6z|g4z|x6z|cmd|m3u|vsf[CR][CR]Game Addon Notes: (i) Place BIOS files in system/vice/PET folder.[CR][CR]BIOS files are required for this core to function correctly</description>
    <license>GPLv2</license>
    <platform>all</platform>
    <source>http://buildbot.libretro.com/nightly/linux/armhf/latest/vice_xpet_libretro.so.zip</source>
    <news>Built from libretro buildbot commit c5d8d8fd (2020-04-11)</news>
  </extension>
</addon>
