<?xml version='1.0' encoding='UTF-8'?>
<addon id="game.libretro.vice_x64sc_libretro_buildbot" name="Commodore - C64 (VICE x64sc, accurate)" provider-name="http://buildbot.libretro.com/" version="1.2020.18303">
  <requires>
    <import addon="game.libretro" version="1.0.0"/>
  </requires>
  <extension library_linux="vice_x64sc_libretro.so" point="kodi.gameclient">
    <platforms>C64</platforms>
    <extensions>d64|d71|d80|d81|d82|g64|g41|x64|t64|tap|prg|p00|crt|bin|zip|gz|d6z|d7z|d8z|g6z|g4z|x6z|cmd|m3u</extensions>
    <supports_vfs>false</supports_vfs>
    <supports_standalone>true</supports_standalone>
  </extension>
  <extension point="xbmc.addon.metadata">
    <summary lang="en_GB">Commodore - C64 (VICE x64sc, accurate)</summary>
    <description lang="en_GB">Emulator for C64 by VICE Core Team Members[CR]Supported files: d64|d71|d80|d81|d82|g64|g41|x64|t64|tap|prg|p00|crt|bin|zip|gz|d6z|d7z|d8z|g6z|g4z|x6z|cmd|m3u</description>
    <license>GPLv2</license>
    <platform>linux</platform>
    <source>http://buildbot.libretro.com/nightly/linux/x86_64/latest/vice_x64sc_libretro.so.zip</source>
    <news>Built from libretro buildbot commit ea72fb58 (2020-02-11)</news>
  </extension>
</addon>
