<?xml version='1.0' encoding='UTF-8'?>
<addon id="game.libretro.o2em_libretro_buildbot" name="Magnavox - Odyssey2 / Phillips Videopac+ (O2EM)" provider-name="http://buildbot.libretro.com/" version="1.2020.18297">
  <requires>
    <import addon="game.libretro" version="1.0.0"/>
    <import addon="game.controller.odyssey2"/>
    <import addon="game.controller.keyboard"/>
  </requires>
  <extension library_osx="o2em_libretro.dylib" point="kodi.gameclient">
    <platforms>Magnavox Odyssey2 / Phillips Videopac+</platforms>
    <extensions>bin</extensions>
    <supports_vfs>false</supports_vfs>
    <supports_standalone>false</supports_standalone>
  </extension>
  <extension point="xbmc.addon.metadata">
    <summary lang="en_GB">Magnavox - Odyssey2 / Phillips Videopac+ (O2EM)</summary>
    <description lang="en_GB">Emulator for Magnavox Odyssey2 / Phillips Videopac+ by Daniel Boris|Andre de la Rocha|Arlindo M. de Oliveira[CR]Supported files: bin[CR][CR]Game Addon Notes: (!) o2rom.bin (md5): 562d5ebf9e030a40d6fabfc2f33139fd|(!) bios_c52.bin (md5): f1071cdb0b6b10dde94d3bc8a6146387|(!) bios_g7400.bin (md5): c500ff71236068e0dc0d0603d265ae76|(!)bios_jopac.bin (md5): 279008e4a0db2dc5f1c048853b033828[CR][CR]BIOS files are required for this core to function correctly</description>
    <license>Artistic License</license>
    <platform>osx-x86_64</platform>
    <source>http://buildbot.libretro.com/nightly/apple/osx/x86_64/latest/o2em_libretro.dylib.zip</source>
    <news>Built from libretro buildbot commit 46448982 (2020-02-05)</news>
  </extension>
</addon>
