<?xml version='1.0' encoding='UTF-8'?>
<addon id="game.libretro.neocd_libretro_buildbot" name="SNK - Neo Geo CD (NeoCD)" provider-name="http://buildbot.libretro.com/" version="1.2020.18293">
  <requires>
    <import addon="game.libretro" version="1.0.0"/>
  </requires>
  <extension library_linux="neocd_libretro.so" point="kodi.gameclient">
    <platforms>SNK Neo Geo CD</platforms>
    <extensions>cue|chd</extensions>
    <supports_vfs>false</supports_vfs>
    <supports_standalone>false</supports_standalone>
  </extension>
  <extension point="xbmc.addon.metadata">
    <summary lang="en_GB">SNK - Neo Geo CD (NeoCD)</summary>
    <description lang="en_GB">Emulator for SNK Neo Geo CD by Elta[CR]Supported files: cue|chd</description>
    <license>LGPLv3</license>
    <platform>linux</platform>
    <source>http://buildbot.libretro.com/nightly/linux/x86_64/latest/neocd_libretro.so.zip</source>
    <news>Built from libretro buildbot commit 4ecbbfbc (2020-02-01)</news>
  </extension>
</addon>
