<?xml version='1.0' encoding='UTF-8'?>
<addon id="game.libretro.mrboom_libretro_buildbot" name="Mr.Boom (Bomberman)" version="1.2021.18684" provider-name="http://buildbot.libretro.com/">
  <requires>
    <import addon="game.libretro" version="1.0.0"/>
    <import addon="game.controller.default"/>
  </requires>
  <extension point="kodi.gameclient" library_android="mrboom_libretro_android.so">
    <platforms>Mr.Boom</platforms>
    <extensions>desktop</extensions>
    <supports_vfs>true</supports_vfs>
    <supports_standalone>true</supports_standalone>
  </extension>
  <extension point="xbmc.addon.metadata">
    <summary lang="en_GB">Mr.Boom (Bomberman)</summary>
    <description lang="en_GB">Game for Mr.Boom by Remdy[CR]Supported files: desktop</description>
    <license/>
    <platform>android-aarch64</platform>
    <source>http://buildbot.libretro.com/nightly/android/latest/arm64-v8a/mrboom_libretro_android.so.zip</source>
    <news>Built from libretro buildbot commit 89bd2843 (2021-02-26)</news>
  </extension>
</addon>
