<?xml version='1.0' encoding='UTF-8'?>
<addon id="game.libretro.lutro_libretro_buildbot" name="Lua Engine (Lutro)" provider-name="http://buildbot.libretro.com/" version="1.2019.18231">
  <requires>
    <import addon="game.libretro" version="1.0.0"/>
  </requires>
  <extension library_linux="lutro_libretro.so" point="kodi.gameclient">
    <platforms>Lutro</platforms>
    <extensions>lutro|lua</extensions>
    <supports_vfs>false</supports_vfs>
    <supports_standalone>false</supports_standalone>
  </extension>
  <extension point="xbmc.addon.metadata">
    <summary lang="en_GB">Lua Engine (Lutro)</summary>
    <description lang="en_GB">Game engine for Lutro by Higor Euripedes/Jean-Andre Santoni[CR]Supported files: lutro|lua</description>
    <license>MIT</license>
    <platform>all</platform>
    <source>http://buildbot.libretro.com/nightly/linux/x86_64/latest/lutro_libretro.so.zip</source>
    <news>Built from libretro buildbot commit a35493a0 (2019-12-01)</news>
  </extension>
</addon>
