<?xml version='1.0' encoding='UTF-8'?>
<addon id="game.libretro.snes9x2005_libretro_buildbot" name="Nintendo - SNES / SFC (Snes9x 2005)" provider-name="http://buildbot.libretro.com/" version="1.2021.18681">
  <requires>
    <import addon="game.libretro" version="1.0.0"/>
    <import addon="game.controller.snes.multitap"/>
    <import addon="game.controller.snes"/>
    <import addon="game.controller.snes.mouse"/>
    <import addon="game.controller.konami.justifier.snes"/>
    <import addon="game.controller.snes.super.scope"/>
  </requires>
  <extension library_windows="snes9x2005_libretro.dll" point="kodi.gameclient">
    <platforms>Super Nintendo Entertainment System</platforms>
    <extensions>smc|fig|sfc|gd3|gd7|dx2|bsx|swc</extensions>
    <supports_vfs>true</supports_vfs>
    <supports_standalone>false</supports_standalone>
  </extension>
  <extension point="xbmc.addon.metadata">
    <summary lang="en_GB">Nintendo - SNES / SFC (Snes9x 2005)</summary>
    <description lang="en_GB">Emulator for Super Nintendo Entertainment System by Snes9x Team|dking|BassAceGold|ShadauxCat|Nebuleon[CR]Supported files: smc|fig|sfc|gd3|gd7|dx2|bsx|swc</description>
    <license>Non-commercial</license>
    <platform>windows-x86_64</platform>
    <source>http://buildbot.libretro.com/nightly/windows/x86_64/latest/snes9x2005_libretro.dll.zip</source>
    <news>Built from libretro buildbot commit 1fdc0883 (2021-02-23)</news>
  </extension>
</addon>
