<?xml version='1.0' encoding='UTF-8'?>
<addon id="game.libretro.emux_nes_libretro_buildbot" name="Nintendo - NES / Famicom (Emux NES)" provider-name="http://buildbot.libretro.com/" version="1.2019.18231">
  <requires>
    <import addon="game.libretro" version="1.0.0"/>
  </requires>
  <extension library_windows="emux_nes_libretro.dll" point="kodi.gameclient">
    <platforms>Nintendo Entertainment System</platforms>
    <extensions>nes|bin|rom</extensions>
    <supports_vfs>false</supports_vfs>
    <supports_standalone>false</supports_standalone>
  </extension>
  <extension point="xbmc.addon.metadata">
    <summary lang="en_GB">Nintendo - NES / Famicom (Emux NES)</summary>
    <description lang="en_GB">Emulator for Nintendo Entertainment System by Sebastien Ronsse[CR]Supported files: nes|bin|rom</description>
    <license>GPLv2</license>
    <platform>windows-x86_64</platform>
    <source>http://buildbot.libretro.com/nightly/windows/x86_64/latest/emux_nes_libretro.dll.zip</source>
    <news>Built from libretro buildbot commit 3fa56ad7 (2019-12-01)</news>
  </extension>
</addon>
