<?xml version='1.0' encoding='UTF-8'?>
<addon id="game.libretro.mesen_libretro_buildbot" name="Nintendo - NES / Famicom (Mesen)" provider-name="http://buildbot.libretro.com/" version="1.2020.18316">
  <requires>
    <import addon="game.libretro" version="1.0.0"/>
  </requires>
  <extension library_linux="mesen_libretro.so" point="kodi.gameclient">
    <platforms>Nintendo Entertainment System</platforms>
    <extensions>nes|fds|unf|unif</extensions>
    <supports_vfs>true</supports_vfs>
    <supports_standalone>false</supports_standalone>
  </extension>
  <extension point="xbmc.addon.metadata">
    <summary lang="en_GB">Nintendo - NES / Famicom (Mesen)</summary>
    <description lang="en_GB">Emulator for Nintendo Entertainment System by M. Bibaud (aka Sour)[CR]Supported files: nes|fds|unf|unif[CR][CR]Game Addon Notes: (!) disksys.rom (md5): ca30b50f880eb660a320674ed365ef7a|Press Retropad R1 to switch disk side.|HD Packs go in %system%/HdPacks/%game_name%|Custom palette in %system%/MesenPalette.pal</description>
    <license>GPLv3</license>
    <platform>linux</platform>
    <source>http://buildbot.libretro.com/nightly/linux/x86_64/latest/mesen_libretro.so.zip</source>
    <news>Built from libretro buildbot commit 8b1f59ea (2020-02-24)</news>
  </extension>
</addon>
