<?xml version='1.0' encoding='UTF-8'?>
<addon id="game.libretro.dosbox_pure_libretro_buildbot" name="DOS (DOSBox-Pure)" version="1.2021.18683" provider-name="http://buildbot.libretro.com/">
  <requires>
    <import addon="game.libretro" version="1.0.0"/>
  </requires>
  <extension point="kodi.gameclient" library_android="dosbox_pure_libretro_android.so">
    <platforms>DOS</platforms>
    <extensions>zip|dosz|exe|com|bat|iso|cue|ins|img|ima|vhd|m3u|m3u8</extensions>
    <supports_vfs>false</supports_vfs>
    <supports_standalone>true</supports_standalone>
  </extension>
  <extension point="xbmc.addon.metadata">
    <summary lang="en_GB">DOS (DOSBox-Pure)</summary>
    <description lang="en_GB">Emulator for DOS by DOSBox Team|Psyraven[CR]Supported files: zip|dosz|exe|com|bat|iso|cue|ins|img|ima|vhd|m3u|m3u8</description>
    <license>GPLv2</license>
    <platform>android-aarch64</platform>
    <source>http://buildbot.libretro.com/nightly/android/latest/arm64-v8a/dosbox_pure_libretro_android.so.zip</source>
    <news>Built from libretro buildbot commit f32d50fe (2021-02-25)</news>
  </extension>
</addon>
